id,product,fabric_code,material_type_id
JMES_LEATHR_2210A,JMES_LEATHR,2210A,95059
JMES_LEATHR_8519A,JMES_LEATHR,8519A,95060
JMES_LEATHR_LTHR-01,JMES_LEATHR,LTHR-01,95053
JMES_LEATHR_LTHR-02,JMES_LEATHR,LTHR-02,95055
JMES_LEATHR_LTHR-03,JMES_LEATHR,LTHR-03,95054
JMES_LEATHR_LTHR-04,JMES_LEATHR,LTHR-04,95057
JMES_LEATHR_LTHR-05,JMES_LEATHR,LTHR-05,95056
JMES_LEATHR_LTHR-06,JMES_LEATHR,LTHR-06,95058
JMES_LEATHR_LTHR-07,JMES_LEATHR,LTHR-07,643840
JMES_LEATHR_LTHR-08,JMES_LEATHR,LTHR-08,644993
JMES_LEATHR_LTHR-09,JMES_LEATHR,LTHR-09,644511
JMES_OTTO_AK-618-16,JMES_OTTO,AK-618-16,567052
JMES_OTTO_AK-618-175,JMES_OTTO,AK-618-175,98599
JMES_OTTO_AK-618-184,JMES_OTTO,AK-618-184,98604
JMES_OTTO_AK-618-25,JMES_OTTO,AK-618-25,98597
JMES_OTTO_AK-618-40,JMES_OTTO,AK-618-40,98595
JMES_OTTO_AK-618-53,JMES_OTTO,AK-618-53,98598
JMES_OTTO_AM-001,JMES_OTTO,AM-001,160389
JMES_OTTO_AM-002,JMES_OTTO,AM-002,160141
JMES_OTTO_AM-003,JMES_OTTO,AM-003,159718
JMES_OTTO_ANG-001,JMES_OTTO,ANG-001,308164
JMES_OTTO_ANG-002,JMES_OTTO,ANG-002,260938
JMES_OTTO_ANG-003,JMES_OTTO,ANG-003,312976
JMES_OTTO_BI-133,JMES_OTTO,BI-133,98586
JMES_OTTO_CAS-005,JMES_OTTO,CAS-005,635381
JMES_OTTO_CAS-010,JMES_OTTO,CAS-010,141011
JMES_OTTO_CAS-011,JMES_OTTO,CAS-011,149222
JMES_OTTO_CAS-016,JMES_OTTO,CAS-016,141988
JMES_OTTO_CAS-021,JMES_OTTO,CAS-021,634560
JMES_OTTO_CB-158,JMES_OTTO,CB-158,98656
JMES_OTTO_COV-003,JMES_OTTO,COV-003,344092
JMES_OTTO_COV-004,JMES_OTTO,COV-004,119035
JMES_OTTO_COV-005,JMES_OTTO,COV-005,108372
JMES_OTTO_COV-007,JMES_OTTO,COV-007,98648
JMES_OTTO_COV-011,JMES_OTTO,COV-011,108000
JMES_OTTO_COV-014,JMES_OTTO,COV-014,268648
JMES_OTTO_COV-017,JMES_OTTO,COV-017,98649
JMES_OTTO_COV-019,JMES_OTTO,COV-019,118116
JMES_OTTO_COV-023,JMES_OTTO,COV-023,624058
JMES_OTTO_COV-025,JMES_OTTO,COV-025,118577
JMES_OTTO_COV-030,JMES_OTTO,COV-030,98650
JMES_OTTO_CU-151,JMES_OTTO,CU-151,98568
JMES_OTTO_CU-152,JMES_OTTO,CU-152,98570
JMES_OTTO_CU-153,JMES_OTTO,CU-153,98571
JMES_OTTO_CU-154,JMES_OTTO,CU-154,98569
JMES_OTTO_CU-155,JMES_OTTO,CU-155,98567
JMES_OTTO_CW-001,JMES_OTTO,CW-001,182578
JMES_OTTO_CW-002,JMES_OTTO,CW-002,182620
JMES_OTTO_GIA-005,JMES_OTTO,GIA-005,142470
JMES_OTTO_GIA-008,JMES_OTTO,GIA-008,110912
JMES_OTTO_GIA-015,JMES_OTTO,GIA-015,603707
JMES_OTTO_GIA-020,JMES_OTTO,GIA-020,107810
JMES_OTTO_GIA-032,JMES_OTTO,GIA-032,364726
JMES_OTTO_GIA-035,JMES_OTTO,GIA-035,578039
JMES_OTTO_GIA-040,JMES_OTTO,GIA-040,98655
JMES_OTTO_HRT-001,JMES_OTTO,HRT-001,143948
JMES_OTTO_HRT-010,JMES_OTTO,HRT-010,145470
JMES_OTTO_HRT-027,JMES_OTTO,HRT-027,142952
JMES_OTTO_HRT-034,JMES_OTTO,HRT-034,143434
JMES_OTTO_HS-001,JMES_OTTO,HS-001,155549
JMES_OTTO_HS-002,JMES_OTTO,HS-002,155261
JMES_OTTO_I-73338-101,JMES_OTTO,I-73338-101,98590
JMES_OTTO_I-73338-102,JMES_OTTO,I-73338-102,98592
JMES_OTTO_I-73338-107,JMES_OTTO,I-73338-107,98591
JMES_OTTO_I-N32326-103,JMES_OTTO,I-N32326-103,98594
JMES_OTTO_KEY-001,JMES_OTTO,KEY-001,98642
JMES_OTTO_KEY-002,JMES_OTTO,KEY-002,98643
JMES_OTTO_KEY-006,JMES_OTTO,KEY-006,98644
JMES_OTTO_KEY-014,JMES_OTTO,KEY-014,98645
JMES_OTTO_LNL-001,JMES_OTTO,LNL-001,596466
JMES_OTTO_LNL-002,JMES_OTTO,LNL-002,592650
JMES_OTTO_MER-001,JMES_OTTO,MER-001,106658
JMES_OTTO_MER-002,JMES_OTTO,MER-002,107426
JMES_OTTO_MER-003,JMES_OTTO,MER-003,105935
JMES_OTTO_MER-004,JMES_OTTO,MER-004,150254
JMES_OTTO_MER-005,JMES_OTTO,MER-005,564673
JMES_OTTO_MER-006,JMES_OTTO,MER-006,147540
JMES_OTTO_MER-007,JMES_OTTO,MER-007,256402
JMES_OTTO_MER-008,JMES_OTTO,MER-008,254116
JMES_OTTO_MER-009,JMES_OTTO,MER-009,321961
JMES_OTTO_MER-011,JMES_OTTO,MER-011,258670
JMES_OTTO_OMNI-010,JMES_OTTO,OMNI-010,98651
JMES_OTTO_OMNI-016,JMES_OTTO,OMNI-016,577391
JMES_OTTO_OTE-sunday-103,JMES_OTTO,OTE-sunday-103,562273
JMES_OTTO_OTE-sunday-39,JMES_OTTO,OTE-sunday-39,98611
JMES_OTTO_OTE-sunday-53,JMES_OTTO,OTE-sunday-53,98613
JMES_OTTO_OTE-surrey-2,JMES_OTTO,OTE-surrey-2,98587
JMES_OTTO_PD-001,JMES_OTTO,PD-001,576082
JMES_OTTO_PD-002,JMES_OTTO,PD-002,575213
JMES_OTTO_PER-001,JMES_OTTO,PER-001,98629
JMES_OTTO_PER-004,JMES_OTTO,PER-004,98631
JMES_OTTO_PER-012,JMES_OTTO,PER-012,98635
JMES_OTTO_PER-029,JMES_OTTO,PER-029,98627
JMES_OTTO_PER-038,JMES_OTTO,PER-038,98626
JMES_OTTO_PL-002,JMES_OTTO,PL-002,591546
JMES_OTTO_PL-003,JMES_OTTO,PL-003,592124
JMES_OTTO_PW-001,JMES_OTTO,PW-001,98634
JMES_OTTO_PW-002,JMES_OTTO,PW-002,153016
JMES_OTTO_PW-004,JMES_OTTO,PW-004,98565
JMES_OTTO_PW-005,JMES_OTTO,PW-005,107111
JMES_OTTO_PW-006,JMES_OTTO,PW-006,564127
JMES_OTTO_PW-007,JMES_OTTO,PW-007,263206
JMES_OTTO_ROY-001,JMES_OTTO,ROY-001,98657
JMES_OTTO_ROY-002,JMES_OTTO,ROY-002,98658
JMES_OTTO_ROY-003,JMES_OTTO,ROY-003,98647
JMES_OTTO_ROY-004,JMES_OTTO,ROY-004,98639
JMES_OTTO_ROY-005,JMES_OTTO,ROY-005,98640
JMES_OTTO_ROY-006,JMES_OTTO,ROY-006,98641
JMES_OTTO_ROY-007,JMES_OTTO,ROY-007,98662
JMES_OTTO_ROY-008,JMES_OTTO,ROY-008,98663
JMES_OTTO_ROY-009,JMES_OTTO,ROY-009,98664
JMES_OTTO_ROY-010,JMES_OTTO,ROY-010,98665
JMES_OTTO_SE-161,JMES_OTTO,SE-161,98582
JMES_OTTO_SE-162,JMES_OTTO,SE-162,98576
JMES_OTTO_SE-163,JMES_OTTO,SE-163,98575
JMES_OTTO_SE-164,JMES_OTTO,SE-164,98580
JMES_OTTO_SE-165,JMES_OTTO,SE-165,98577
JMES_OTTO_SE-166,JMES_OTTO,SE-166,98579
JMES_OTTO_SE-167,JMES_OTTO,SE-167,98583
JMES_OTTO_SE-168,JMES_OTTO,SE-168,98578
JMES_OTTO_SE-170,JMES_OTTO,SE-170,98581
JMES_OTTO_SE-171,JMES_OTTO,SE-171,98667
JMES_OTTO_SE-172,JMES_OTTO,SE-172,585115
JMES_OTTO_SE-173,JMES_OTTO,SE-173,98669
JMES_OTTO_SE-175,JMES_OTTO,SE-175,291940
JMES_OTTO_SE-176,JMES_OTTO,SE-176,323050
JMES_OTTO_SE-178,JMES_OTTO,SE-178,249637
JMES_OTTO_SE-179,JMES_OTTO,SE-179,325087
JMES_OTTO_SE-180,JMES_OTTO,SE-180,624366
JMES_OTTO_SE-181,JMES_OTTO,SE-181,625121
JMES_OTTO_SMA-019,JMES_OTTO,SMA-019,393471
JMES_OTTO_SMA-024,JMES_OTTO,SMA-024,162811
JMES_OTTO_SMA-027,JMES_OTTO,SMA-027,98636
JMES_OTTO_SMA-19,JMES_OTTO,SMA-19,326161
JMES_OTTO_WH-001,JMES_OTTO,WH-001,162266
JMES_OTTO_WH-003,JMES_OTTO,WH-003,161138
JMES_OTTO_WH-004,JMES_OTTO,WH-004,161514
JMES_OTTO_WH-005,JMES_OTTO,WH-005,161890
JMES_SLEEPR_AK-618-16,JMES_SLEEPR,AK-618-16,567163
JMES_SLEEPR_AK-618-175,JMES_SLEEPR,AK-618-175,100995
JMES_SLEEPR_AK-618-184,JMES_SLEEPR,AK-618-184,101000
JMES_SLEEPR_AK-618-25,JMES_SLEEPR,AK-618-25,100993
JMES_SLEEPR_AK-618-40,JMES_SLEEPR,AK-618-40,100991
JMES_SLEEPR_AK-618-53,JMES_SLEEPR,AK-618-53,100994
JMES_SLEEPR_AM-001,JMES_SLEEPR,AM-001,160403
JMES_SLEEPR_AM-002,JMES_SLEEPR,AM-002,160155
JMES_SLEEPR_AM-003,JMES_SLEEPR,AM-003,159732
JMES_SLEEPR_ANG-001,JMES_SLEEPR,ANG-001,308200
JMES_SLEEPR_ANG-002,JMES_SLEEPR,ANG-002,260983
JMES_SLEEPR_ANG-003,JMES_SLEEPR,ANG-003,313012
JMES_SLEEPR_BI-133,JMES_SLEEPR,BI-133,101027
JMES_SLEEPR_CAS-005,JMES_SLEEPR,CAS-005,635424
JMES_SLEEPR_CAS-010,JMES_SLEEPR,CAS-010,141019
JMES_SLEEPR_CAS-011,JMES_SLEEPR,CAS-011,149230
JMES_SLEEPR_CAS-016,JMES_SLEEPR,CAS-016,141996
JMES_SLEEPR_CAS-021,JMES_SLEEPR,CAS-021,634603
JMES_SLEEPR_CB-158,JMES_SLEEPR,CB-158,101059
JMES_SLEEPR_COV-003,JMES_SLEEPR,COV-003,473164
JMES_SLEEPR_COV-004,JMES_SLEEPR,COV-004,119074
JMES_SLEEPR_COV-005,JMES_SLEEPR,COV-005,108386
JMES_SLEEPR_COV-007,JMES_SLEEPR,COV-007,101080
JMES_SLEEPR_COV-011,JMES_SLEEPR,COV-011,108014
JMES_SLEEPR_COV-014,JMES_SLEEPR,COV-014,268693
JMES_SLEEPR_COV-017,JMES_SLEEPR,COV-017,101078
JMES_SLEEPR_COV-019,JMES_SLEEPR,COV-019,118155
JMES_SLEEPR_COV-023,JMES_SLEEPR,COV-023,624062
JMES_SLEEPR_COV-025,JMES_SLEEPR,COV-025,118616
JMES_SLEEPR_COV-030,JMES_SLEEPR,COV-030,101079
JMES_SLEEPR_CU-151,JMES_SLEEPR,CU-151,100985
JMES_SLEEPR_CU-152,JMES_SLEEPR,CU-152,100987
JMES_SLEEPR_CU-153,JMES_SLEEPR,CU-153,100988
JMES_SLEEPR_CU-154,JMES_SLEEPR,CU-154,100986
JMES_SLEEPR_CU-155,JMES_SLEEPR,CU-155,100984
JMES_SLEEPR_CW-001,JMES_SLEEPR,CW-001,182592
JMES_SLEEPR_CW-002,JMES_SLEEPR,CW-002,182634
JMES_SLEEPR_GIA-005,JMES_SLEEPR,GIA-005,142478
JMES_SLEEPR_GIA-008,JMES_SLEEPR,GIA-008,111170
JMES_SLEEPR_GIA-015,JMES_SLEEPR,GIA-015,603727
JMES_SLEEPR_GIA-020,JMES_SLEEPR,GIA-020,107824
JMES_SLEEPR_GIA-032,JMES_SLEEPR,GIA-032,364768
JMES_SLEEPR_GIA-035,JMES_SLEEPR,GIA-035,578053
JMES_SLEEPR_GIA-040,JMES_SLEEPR,GIA-040,101063
JMES_SLEEPR_HRT-001,JMES_SLEEPR,HRT-001,143956
JMES_SLEEPR_HRT-010,JMES_SLEEPR,HRT-010,145478
JMES_SLEEPR_HRT-025,JMES_SLEEPR,HRT-025,145033
JMES_SLEEPR_HRT-027,JMES_SLEEPR,HRT-027,142960
JMES_SLEEPR_HRT-034,JMES_SLEEPR,HRT-034,143442
JMES_SLEEPR_HS-001,JMES_SLEEPR,HS-001,155551
JMES_SLEEPR_HS-002,JMES_SLEEPR,HS-002,155263
JMES_SLEEPR_I-73338-101,JMES_SLEEPR,I-73338-101,101031
JMES_SLEEPR_I-73338-102,JMES_SLEEPR,I-73338-102,101033
JMES_SLEEPR_I-73338-107,JMES_SLEEPR,I-73338-107,101032
JMES_SLEEPR_I-N32326-103,JMES_SLEEPR,I-N32326-103,101036
JMES_SLEEPR_KEY-001,JMES_SLEEPR,KEY-001,101070
JMES_SLEEPR_KEY-002,JMES_SLEEPR,KEY-002,101069
JMES_SLEEPR_KEY-006,JMES_SLEEPR,KEY-006,101072
JMES_SLEEPR_KEY-014,JMES_SLEEPR,KEY-014,101068
JMES_SLEEPR_KEY-020,JMES_SLEEPR,KEY-020,101067
JMES_SLEEPR_LNL-001,JMES_SLEEPR,LNL-001,596513
JMES_SLEEPR_LNL-002,JMES_SLEEPR,LNL-002,592667
JMES_SLEEPR_MER-001,JMES_SLEEPR,MER-001,106697
JMES_SLEEPR_MER-002,JMES_SLEEPR,MER-002,107465
JMES_SLEEPR_MER-003,JMES_SLEEPR,MER-003,105974
JMES_SLEEPR_MER-004,JMES_SLEEPR,MER-004,150262
JMES_SLEEPR_MER-005,JMES_SLEEPR,MER-005,564760
JMES_SLEEPR_MER-006,JMES_SLEEPR,MER-006,147548
JMES_SLEEPR_MER-007,JMES_SLEEPR,MER-007,256447
JMES_SLEEPR_MER-008,JMES_SLEEPR,MER-008,254161
JMES_SLEEPR_MER-009,JMES_SLEEPR,MER-009,322003
JMES_SLEEPR_MER-011,JMES_SLEEPR,MER-011,258715
JMES_SLEEPR_OMNI-010,JMES_SLEEPR,OMNI-010,101065
JMES_SLEEPR_OMNI-016,JMES_SLEEPR,OMNI-016,577405
JMES_SLEEPR_OTE-sunday-103,JMES_SLEEPR,OTE-sunday-103,562381
JMES_SLEEPR_OTE-sunday-39,JMES_SLEEPR,OTE-sunday-39,101012
JMES_SLEEPR_OTE-sunday-53,JMES_SLEEPR,OTE-sunday-53,101014
JMES_SLEEPR_OTE-surrey-2,JMES_SLEEPR,OTE-surrey-2,101028
JMES_SLEEPR_PD-001,JMES_SLEEPR,PD-001,576096
JMES_SLEEPR_PD-002,JMES_SLEEPR,PD-002,575231
JMES_SLEEPR_PL-002,JMES_SLEEPR,PL-002,591563
JMES_SLEEPR_PL-003,JMES_SLEEPR,PL-003,592142
JMES_SLEEPR_PW-001,JMES_SLEEPR,PW-001,101054
JMES_SLEEPR_PW-002,JMES_SLEEPR,PW-002,153030
JMES_SLEEPR_PW-004,JMES_SLEEPR,PW-004,101002
JMES_SLEEPR_PW-005,JMES_SLEEPR,PW-005,107150
JMES_SLEEPR_PW-006,JMES_SLEEPR,PW-006,564214
JMES_SLEEPR_PW-007,JMES_SLEEPR,PW-007,263251
JMES_SLEEPR_ROY-001,JMES_SLEEPR,ROY-001,101071
JMES_SLEEPR_ROY-002,JMES_SLEEPR,ROY-002,101073
JMES_SLEEPR_ROY-003,JMES_SLEEPR,ROY-003,101074
JMES_SLEEPR_ROY-004,JMES_SLEEPR,ROY-004,101075
JMES_SLEEPR_ROY-005,JMES_SLEEPR,ROY-005,101076
JMES_SLEEPR_ROY-006,JMES_SLEEPR,ROY-006,101077
JMES_SLEEPR_ROY-007,JMES_SLEEPR,ROY-007,101081
JMES_SLEEPR_ROY-008,JMES_SLEEPR,ROY-008,101082
JMES_SLEEPR_ROY-009,JMES_SLEEPR,ROY-009,101083
JMES_SLEEPR_ROY-010,JMES_SLEEPR,ROY-010,101084
JMES_SLEEPR_SE-161,JMES_SLEEPR,SE-161,101010
JMES_SLEEPR_SE-162,JMES_SLEEPR,SE-162,101004
JMES_SLEEPR_SE-163,JMES_SLEEPR,SE-163,101003
JMES_SLEEPR_SE-164,JMES_SLEEPR,SE-164,101008
JMES_SLEEPR_SE-165,JMES_SLEEPR,SE-165,101005
JMES_SLEEPR_SE-166,JMES_SLEEPR,SE-166,101007
JMES_SLEEPR_SE-167,JMES_SLEEPR,SE-167,101011
JMES_SLEEPR_SE-168,JMES_SLEEPR,SE-168,101006
JMES_SLEEPR_SE-170,JMES_SLEEPR,SE-170,101009
JMES_SLEEPR_SE-171,JMES_SLEEPR,SE-171,101086
JMES_SLEEPR_SE-172,JMES_SLEEPR,SE-172,585159
JMES_SLEEPR_SE-173,JMES_SLEEPR,SE-173,101088
JMES_SLEEPR_SE-175,JMES_SLEEPR,SE-175,291982
JMES_SLEEPR_SE-176,JMES_SLEEPR,SE-176,323095
JMES_SLEEPR_SE-178,JMES_SLEEPR,SE-178,249676
JMES_SLEEPR_SE-179,JMES_SLEEPR,SE-179,325132
JMES_SLEEPR_SE-180,JMES_SLEEPR,SE-180,624408
JMES_SLEEPR_SE-181,JMES_SLEEPR,SE-181,625132
JMES_SLEEPR_SMA-019,JMES_SLEEPR,SMA-019,393516
JMES_SLEEPR_SMA-024,JMES_SLEEPR,SMA-024,162825
JMES_SLEEPR_SMA-027,JMES_SLEEPR,SMA-027,101056
JMES_SLEEPR_SMA-030,JMES_SLEEPR,SMA-030,101057
JMES_SLEEPR_SMA-19,JMES_SLEEPR,SMA-19,326206
JMES_SLEEPR_WH-001,JMES_SLEEPR,WH-001,162280
JMES_SLEEPR_WH-002,JMES_SLEEPR,WH-002,160776
JMES_SLEEPR_WH-003,JMES_SLEEPR,WH-003,161152
JMES_SLEEPR_WH-004,JMES_SLEEPR,WH-004,161528
JMES_SLEEPR_WH-005,JMES_SLEEPR,WH-005,161904
JMES_SSTWIN_AK-618-16,JMES_SSTWIN,AK-618-16,567181
JMES_SSTWIN_AK-618-175,JMES_SSTWIN,AK-618-175,187306
JMES_SSTWIN_AK-618-184,JMES_SSTWIN,AK-618-184,187309
JMES_SSTWIN_AK-618-25,JMES_SSTWIN,AK-618-25,187304
JMES_SSTWIN_AK-618-40,JMES_SSTWIN,AK-618-40,187302
JMES_SSTWIN_AK-618-53,JMES_SSTWIN,AK-618-53,187305
JMES_SSTWIN_AM-001,JMES_SSTWIN,AM-001,187397
JMES_SSTWIN_AM-002,JMES_SSTWIN,AM-002,187396
JMES_SSTWIN_AM-003,JMES_SSTWIN,AM-003,187394
JMES_SSTWIN_ANG-001,JMES_SSTWIN,ANG-001,308461
JMES_SSTWIN_ANG-002,JMES_SSTWIN,ANG-002,261643
JMES_SSTWIN_ANG-003,JMES_SSTWIN,ANG-003,313228
JMES_SSTWIN_BI-133,JMES_SSTWIN,BI-133,187295
JMES_SSTWIN_CAS-005,JMES_SSTWIN,CAS-005,635425
JMES_SSTWIN_CAS-010,JMES_SSTWIN,CAS-010,187379
JMES_SSTWIN_CAS-011,JMES_SSTWIN,CAS-011,187380
JMES_SSTWIN_CAS-016,JMES_SSTWIN,CAS-016,187381
JMES_SSTWIN_CAS-021,JMES_SSTWIN,CAS-021,634604
JMES_SSTWIN_CB-158,JMES_SSTWIN,CB-158,187328
JMES_SSTWIN_COV-003,JMES_SSTWIN,COV-003,344113
JMES_SSTWIN_COV-004,JMES_SSTWIN,COV-004,187368
JMES_SSTWIN_COV-005,JMES_SSTWIN,COV-005,187357
JMES_SSTWIN_COV-007,JMES_SSTWIN,COV-007,187348
JMES_SSTWIN_COV-011,JMES_SSTWIN,COV-011,187358
JMES_SSTWIN_COV-014,JMES_SSTWIN,COV-014,269245
JMES_SSTWIN_COV-017,JMES_SSTWIN,COV-017,187346
JMES_SSTWIN_COV-019,JMES_SSTWIN,COV-019,187366
JMES_SSTWIN_COV-023,JMES_SSTWIN,COV-023,624070
JMES_SSTWIN_COV-025,JMES_SSTWIN,COV-025,187367
JMES_SSTWIN_COV-030,JMES_SSTWIN,COV-030,187347
JMES_SSTWIN_CU-151,JMES_SSTWIN,CU-151,187280
JMES_SSTWIN_CU-152,JMES_SSTWIN,CU-152,187282
JMES_SSTWIN_CU-153,JMES_SSTWIN,CU-153,187283
JMES_SSTWIN_CU-154,JMES_SSTWIN,CU-154,187281
JMES_SSTWIN_CU-155,JMES_SSTWIN,CU-155,187279
JMES_SSTWIN_CW-001,JMES_SSTWIN,CW-001,187310
JMES_SSTWIN_CW-002,JMES_SSTWIN,CW-002,187311
JMES_SSTWIN_GIA-005,JMES_SSTWIN,GIA-005,187382
JMES_SSTWIN_GIA-008,JMES_SSTWIN,GIA-008,187365
JMES_SSTWIN_GIA-015,JMES_SSTWIN,GIA-015,603733
JMES_SSTWIN_GIA-020,JMES_SSTWIN,GIA-020,187360
JMES_SSTWIN_GIA-032,JMES_SSTWIN,GIA-032,365311
JMES_SSTWIN_GIA-035,JMES_SSTWIN,GIA-035,578132
JMES_SSTWIN_GIA-040,JMES_SSTWIN,GIA-040,187330
JMES_SSTWIN_HRT-001,JMES_SSTWIN,HRT-001,187373
JMES_SSTWIN_HRT-010,JMES_SSTWIN,HRT-010,187375
JMES_SSTWIN_HRT-025,JMES_SSTWIN,HRT-025,187376
JMES_SSTWIN_HRT-027,JMES_SSTWIN,HRT-027,187377
JMES_SSTWIN_HRT-034,JMES_SSTWIN,HRT-034,187378
JMES_SSTWIN_HS-001,JMES_SSTWIN,HS-001,187387
JMES_SSTWIN_HS-002,JMES_SSTWIN,HS-002,187386
JMES_SSTWIN_I-73338-101,JMES_SSTWIN,I-73338-101,187297
JMES_SSTWIN_I-73338-102,JMES_SSTWIN,I-73338-102,187299
JMES_SSTWIN_I-73338-107,JMES_SSTWIN,I-73338-107,187298
JMES_SSTWIN_I-N32326-103,JMES_SSTWIN,I-N32326-103,187301
JMES_SSTWIN_KEY-001,JMES_SSTWIN,KEY-001,187338
JMES_SSTWIN_KEY-002,JMES_SSTWIN,KEY-002,187337
JMES_SSTWIN_KEY-006,JMES_SSTWIN,KEY-006,187340
JMES_SSTWIN_KEY-014,JMES_SSTWIN,KEY-014,187336
JMES_SSTWIN_LNL-001,JMES_SSTWIN,LNL-001,596528
JMES_SSTWIN_LNL-002,JMES_SSTWIN,LNL-002,592675
JMES_SSTWIN_MER-001,JMES_SSTWIN,MER-001,187362
JMES_SSTWIN_MER-002,JMES_SSTWIN,MER-002,187364
JMES_SSTWIN_MER-003,JMES_SSTWIN,MER-003,187361
JMES_SSTWIN_MER-004,JMES_SSTWIN,MER-004,187372
JMES_SSTWIN_MER-005,JMES_SSTWIN,MER-005,564775
JMES_SSTWIN_MER-006,JMES_SSTWIN,MER-006,187371
JMES_SSTWIN_MER-007,JMES_SSTWIN,MER-007,257107
JMES_SSTWIN_MER-008,JMES_SSTWIN,MER-008,254821
JMES_SSTWIN_MER-009,JMES_SSTWIN,MER-009,322285
JMES_SSTWIN_MER-011,JMES_SSTWIN,MER-011,259375
JMES_SSTWIN_OMNI-010,JMES_SSTWIN,OMNI-010,187333
JMES_SSTWIN_OMNI-016,JMES_SSTWIN,OMNI-016,577455
JMES_SSTWIN_OTE-sunday-103,JMES_SSTWIN,OTE-sunday-103,562396
JMES_SSTWIN_OTE-sunday-39,JMES_SSTWIN,OTE-sunday-39,187313
JMES_SSTWIN_OTE-sunday-53,JMES_SSTWIN,OTE-sunday-53,187314
JMES_SSTWIN_OTE-surrey-2,JMES_SSTWIN,OTE-surrey-2,187296
JMES_SSTWIN_PD-001,JMES_SSTWIN,PD-001,576153
JMES_SSTWIN_PD-002,JMES_SSTWIN,PD-002,575239
JMES_SSTWIN_PL-002,JMES_SSTWIN,PL-002,591570
JMES_SSTWIN_PL-003,JMES_SSTWIN,PL-003,592150
JMES_SSTWIN_PW-001,JMES_SSTWIN,PW-001,187325
JMES_SSTWIN_PW-002,JMES_SSTWIN,PW-002,187383
JMES_SSTWIN_PW-004,JMES_SSTWIN,PW-004,187277
JMES_SSTWIN_PW-005,JMES_SSTWIN,PW-005,187363
JMES_SSTWIN_PW-006,JMES_SSTWIN,PW-006,564229
JMES_SSTWIN_PW-007,JMES_SSTWIN,PW-007,263803
JMES_SSTWIN_ROY-001,JMES_SSTWIN,ROY-001,187339
JMES_SSTWIN_ROY-002,JMES_SSTWIN,ROY-002,187341
JMES_SSTWIN_ROY-003,JMES_SSTWIN,ROY-003,187342
JMES_SSTWIN_ROY-004,JMES_SSTWIN,ROY-004,187343
JMES_SSTWIN_ROY-005,JMES_SSTWIN,ROY-005,187344
JMES_SSTWIN_ROY-006,JMES_SSTWIN,ROY-006,187345
JMES_SSTWIN_ROY-007,JMES_SSTWIN,ROY-007,187349
JMES_SSTWIN_ROY-008,JMES_SSTWIN,ROY-008,187350
JMES_SSTWIN_ROY-009,JMES_SSTWIN,ROY-009,187351
JMES_SSTWIN_ROY-010,JMES_SSTWIN,ROY-010,187352
JMES_SSTWIN_SE-161,JMES_SSTWIN,SE-161,187292
JMES_SSTWIN_SE-162,JMES_SSTWIN,SE-162,187286
JMES_SSTWIN_SE-163,JMES_SSTWIN,SE-163,187285
JMES_SSTWIN_SE-164,JMES_SSTWIN,SE-164,187290
JMES_SSTWIN_SE-165,JMES_SSTWIN,SE-165,187287
JMES_SSTWIN_SE-166,JMES_SSTWIN,SE-166,187289
JMES_SSTWIN_SE-167,JMES_SSTWIN,SE-167,187293
JMES_SSTWIN_SE-168,JMES_SSTWIN,SE-168,187288
JMES_SSTWIN_SE-170,JMES_SSTWIN,SE-170,187291
JMES_SSTWIN_SE-171,JMES_SSTWIN,SE-171,187354
JMES_SSTWIN_SE-172,JMES_SSTWIN,SE-172,585161
JMES_SSTWIN_SE-173,JMES_SSTWIN,SE-173,187356
JMES_SSTWIN_SE-175,JMES_SSTWIN,SE-175,292561
JMES_SSTWIN_SE-176,JMES_SSTWIN,SE-176,323485
JMES_SSTWIN_SE-178,JMES_SSTWIN,SE-178,344134
JMES_SSTWIN_SE-179,JMES_SSTWIN,SE-179,325792
JMES_SSTWIN_SE-180,JMES_SSTWIN,SE-180,624409
JMES_SSTWIN_SE-181,JMES_SSTWIN,SE-181,625133
JMES_SSTWIN_SMA-019,JMES_SSTWIN,SMA-019,394182
JMES_SSTWIN_SMA-024,JMES_SSTWIN,SMA-024,187398
JMES_SSTWIN_SMA-027,JMES_SSTWIN,SMA-027,187326
JMES_SSTWIN_SMA-19,JMES_SSTWIN,SMA-19,326488
JMES_SSTWIN_WH-001,JMES_SSTWIN,WH-001,187388
JMES_SSTWIN_WH-002,JMES_SSTWIN,WH-002,187393
JMES_SSTWIN_WH-003,JMES_SSTWIN,WH-003,187392
JMES_SSTWIN_WH-004,JMES_SSTWIN,WH-004,187391
JMES_SSTWIN_WH-005,JMES_SSTWIN,WH-005,187390
JMES_SSTWIN_WOO-001,JMES_SSTWIN,WOO-001,362533
MXWL_LEATHR_2210A,MXWL_LEATHR,2210A,241263
MXWL_LEATHR_8519A,MXWL_LEATHR,8519A,241266
MXWL_LEATHR_LTHR-01,MXWL_LEATHR,LTHR-01,241272
MXWL_LEATHR_LTHR-02,MXWL_LEATHR,LTHR-02,241275
MXWL_LEATHR_LTHR-03,MXWL_LEATHR,LTHR-03,241278
MXWL_LEATHR_LTHR-04,MXWL_LEATHR,LTHR-04,241281
MXWL_LEATHR_LTHR-05,MXWL_LEATHR,LTHR-05,241284
MXWL_LEATHR_LTHR-06,MXWL_LEATHR,LTHR-06,241287
MXWL_LEATHR_LTHR-07,MXWL_LEATHR,LTHR-07,644009
MXWL_LEATHR_LTHR-08,MXWL_LEATHR,LTHR-08,645087
MXWL_LEATHR_LTHR-09,MXWL_LEATHR,LTHR-09,644605
MXWL_OTTO_AK-618-16,MXWL_OTTO,AK-618-16,723206
MXWL_OTTO_AK-618-175,MXWL_OTTO,AK-618-175,24799
MXWL_OTTO_AK-618-184,MXWL_OTTO,AK-618-184,723186
MXWL_OTTO_AK-618-21,MXWL_OTTO,AK-618-21,24802
MXWL_OTTO_AK-618-25,MXWL_OTTO,AK-618-25,723188
MXWL_OTTO_AK-618-40,MXWL_OTTO,AK-618-40,723187
MXWL_OTTO_AK-618-53,MXWL_OTTO,AK-618-53,723185
MXWL_OTTO_AM-001,MXWL_OTTO,AM-001,723137
MXWL_OTTO_AM-002,MXWL_OTTO,AM-002,723216
MXWL_OTTO_AM-003,MXWL_OTTO,AM-003,723138
MXWL_OTTO_ANG-002,MXWL_OTTO,ANG-002,723217
MXWL_OTTO_BI-133,MXWL_OTTO,BI-133,723156
MXWL_OTTO_CAS-005,MXWL_OTTO,CAS-005,723131
MXWL_OTTO_CAS-010,MXWL_OTTO,CAS-010,723132
MXWL_OTTO_CAS-011,MXWL_OTTO,CAS-011,723133
MXWL_OTTO_CAS-016,MXWL_OTTO,CAS-016,723134
MXWL_OTTO_CAS-021,MXWL_OTTO,CAS-021,723218
MXWL_OTTO_CB-158,MXWL_OTTO,CB-158,723105
MXWL_OTTO_COV-003,MXWL_OTTO,COV-003,723172
MXWL_OTTO_COV-004,MXWL_OTTO,COV-004,723173
MXWL_OTTO_COV-005,MXWL_OTTO,COV-005,723174
MXWL_OTTO_COV-007,MXWL_OTTO,COV-007,723175
MXWL_OTTO_COV-011,MXWL_OTTO,COV-011,723202
MXWL_OTTO_COV-014,MXWL_OTTO,COV-014,723203
MXWL_OTTO_COV-017,MXWL_OTTO,COV-017,723176
MXWL_OTTO_COV-019,MXWL_OTTO,COV-019,723204
MXWL_OTTO_COV-023,MXWL_OTTO,COV-023,723177
MXWL_OTTO_COV-025,MXWL_OTTO,COV-025,723178
MXWL_OTTO_COV-030,MXWL_OTTO,COV-030,723179
MXWL_OTTO_CU-151,MXWL_OTTO,CU-151,723219
MXWL_OTTO_CU-152,MXWL_OTTO,CU-152,723106
MXWL_OTTO_CU-153,MXWL_OTTO,CU-153,723107
MXWL_OTTO_CU-154,MXWL_OTTO,CU-154,723108
MXWL_OTTO_CU-155,MXWL_OTTO,CU-155,723109
MXWL_OTTO_CW-001,MXWL_OTTO,CW-001,723205
MXWL_OTTO_GIA-005,MXWL_OTTO,GIA-005,723196
MXWL_OTTO_GIA-008,MXWL_OTTO,GIA-008,723126
MXWL_OTTO_GIA-015,MXWL_OTTO,GIA-015,723208
MXWL_OTTO_GIA-020,MXWL_OTTO,GIA-020,723127
MXWL_OTTO_GIA-032,MXWL_OTTO,GIA-032,723128
MXWL_OTTO_GIA-035,MXWL_OTTO,GIA-035,723129
MXWL_OTTO_GIA-040,MXWL_OTTO,GIA-040,723130
MXWL_OTTO_HRT-010,MXWL_OTTO,HRT-010,723125
MXWL_OTTO_HRT-027,MXWL_OTTO,HRT-027,723193
MXWL_OTTO_HRT-034,MXWL_OTTO,HRT-034,723192
MXWL_OTTO_HS-001,MXWL_OTTO,HS-001,723135
MXWL_OTTO_HS-002,MXWL_OTTO,HS-002,723136
MXWL_OTTO_I-73338-101,MXWL_OTTO,I-73338-101,723215
MXWL_OTTO_I-73338-107,MXWL_OTTO,I-73338-107,723214
MXWL_OTTO_I-N32326-103,MXWL_OTTO,I-N32326-103,723209
MXWL_OTTO_KEY-001,MXWL_OTTO,KEY-001,723153
MXWL_OTTO_KEY-002,MXWL_OTTO,KEY-002,723154
MXWL_OTTO_KEY-006,MXWL_OTTO,KEY-006,723155
MXWL_OTTO_KEY-014,MXWL_OTTO,KEY-014,723210
MXWL_OTTO_LNL-001,MXWL_OTTO,LNL-001,723182
MXWL_OTTO_LNL-002,MXWL_OTTO,LNL-002,723183
MXWL_OTTO_MER-001,MXWL_OTTO,MER-001,723110
MXWL_OTTO_MER-002,MXWL_OTTO,MER-002,723111
MXWL_OTTO_MER-003,MXWL_OTTO,MER-003,723112
MXWL_OTTO_MER-004,MXWL_OTTO,MER-004,723113
MXWL_OTTO_MER-005,MXWL_OTTO,MER-005,723184
MXWL_OTTO_MER-006,MXWL_OTTO,MER-006,723114
MXWL_OTTO_MER-007,MXWL_OTTO,MER-007,723115
MXWL_OTTO_MER-008,MXWL_OTTO,MER-008,723116
MXWL_OTTO_MER-009,MXWL_OTTO,MER-009,723117
MXWL_OTTO_MER-011,MXWL_OTTO,MER-011,723207
MXWL_OTTO_OMNI-004,MXWL_OTTO,OMNI-004,62356
MXWL_OTTO_OMNI-005,MXWL_OTTO,OMNI-005,62692
MXWL_OTTO_OMNI-010,MXWL_OTTO,OMNI-010,723197
MXWL_OTTO_OMNI-016,MXWL_OTTO,OMNI-016,577092
MXWL_OTTO_OTE-SUNDAY-103,MXWL_OTTO,OTE-SUNDAY-103,723190
MXWL_OTTO_OTE-SUNDAY-39,MXWL_OTTO,OTE-SUNDAY-39,723189
MXWL_OTTO_OTE-SUNDAY-53,MXWL_OTTO,OTE-SUNDAY-53,723191
MXWL_OTTO_OTE-SURREY-2,MXWL_OTTO,OTE-SURREY-2,723104
MXWL_OTTO_OTE-sunday-103,MXWL_OTTO,OTE-sunday-103,24834
MXWL_OTTO_OTE-sunday-39,MXWL_OTTO,OTE-sunday-39,24828
MXWL_OTTO_OTE-sunday-53,MXWL_OTTO,OTE-sunday-53,24830
MXWL_OTTO_OTE-surrey-2,MXWL_OTTO,OTE-surrey-2,552338
MXWL_OTTO_PD-001,MXWL_OTTO,PD-001,723171
MXWL_OTTO_PD-002,MXWL_OTTO,PD-002,723201
MXWL_OTTO_PER-001,MXWL_OTTO,PER-001,723118
MXWL_OTTO_PER-004,MXWL_OTTO,PER-004,723119
MXWL_OTTO_PER-007,MXWL_OTTO,PER-007,47130
MXWL_OTTO_PER-012,MXWL_OTTO,PER-012,45780
MXWL_OTTO_PER-026,MXWL_OTTO,PER-026,46116
MXWL_OTTO_PER-029,MXWL_OTTO,PER-029,45511
MXWL_OTTO_PER-038,MXWL_OTTO,PER-038,45242
MXWL_OTTO_PER-043,MXWL_OTTO,PER-043,46592
MXWL_OTTO_PL-002,MXWL_OTTO,PL-002,723180
MXWL_OTTO_PL-003,MXWL_OTTO,PL-003,723181
MXWL_OTTO_PW-001,MXWL_OTTO,PW-001,723139
MXWL_OTTO_PW-002,MXWL_OTTO,PW-002,723140
MXWL_OTTO_PW-004,MXWL_OTTO,PW-004,723141
MXWL_OTTO_PW-005,MXWL_OTTO,PW-005,107179
MXWL_OTTO_PW-006,MXWL_OTTO,PW-006,723142
MXWL_OTTO_PW-007,MXWL_OTTO,PW-007,723143
MXWL_OTTO_ROY-001,MXWL_OTTO,ROY-001,723144
MXWL_OTTO_ROY-002,MXWL_OTTO,ROY-002,723145
MXWL_OTTO_ROY-003,MXWL_OTTO,ROY-003,723213
MXWL_OTTO_ROY-004,MXWL_OTTO,ROY-004,723146
MXWL_OTTO_ROY-005,MXWL_OTTO,ROY-005,723147
MXWL_OTTO_ROY-006,MXWL_OTTO,ROY-006,723148
MXWL_OTTO_ROY-007,MXWL_OTTO,ROY-007,723149
MXWL_OTTO_ROY-008,MXWL_OTTO,ROY-008,723150
MXWL_OTTO_ROY-009,MXWL_OTTO,ROY-009,723151
MXWL_OTTO_ROY-010,MXWL_OTTO,ROY-010,723152
MXWL_OTTO_SE-161,MXWL_OTTO,SE-161,723198
MXWL_OTTO_SE-162,MXWL_OTTO,SE-162,723157
MXWL_OTTO_SE-163,MXWL_OTTO,SE-163,723211
MXWL_OTTO_SE-164,MXWL_OTTO,SE-164,723158
MXWL_OTTO_SE-165,MXWL_OTTO,SE-165,723199
MXWL_OTTO_SE-166,MXWL_OTTO,SE-166,723159
MXWL_OTTO_SE-167,MXWL_OTTO,SE-167,723160
MXWL_OTTO_SE-168,MXWL_OTTO,SE-168,723161
MXWL_OTTO_SE-170,MXWL_OTTO,SE-170,723162
MXWL_OTTO_SE-171,MXWL_OTTO,SE-171,723163
MXWL_OTTO_SE-172,MXWL_OTTO,SE-172,723164
MXWL_OTTO_SE-173,MXWL_OTTO,SE-173,723165
MXWL_OTTO_SE-175,MXWL_OTTO,SE-175,723166
MXWL_OTTO_SE-176,MXWL_OTTO,SE-176,723167
MXWL_OTTO_SE-178,MXWL_OTTO,SE-178,723168
MXWL_OTTO_SE-179,MXWL_OTTO,SE-179,723200
MXWL_OTTO_SE-180,MXWL_OTTO,SE-180,723169
MXWL_OTTO_SE-181,MXWL_OTTO,SE-181,723170
MXWL_OTTO_SMA-019,MXWL_OTTO,SMA-019,723194
MXWL_OTTO_SMA-024,MXWL_OTTO,SMA-024,723212
MXWL_OTTO_SMA-027,MXWL_OTTO,SMA-027,723195
MXWL_OTTO_SMA-030,MXWL_OTTO,SMA-030,53517
MXWL_OTTO_WH-001,MXWL_OTTO,WH-001,723120
MXWL_OTTO_WH-002,MXWL_OTTO,WH-002,723121
MXWL_OTTO_WH-003,MXWL_OTTO,WH-003,723122
MXWL_OTTO_WH-004,MXWL_OTTO,WH-004,723123
MXWL_OTTO_WH-005,MXWL_OTTO,WH-005,723124
MXWL_OTTO_WOO-001,MXWL_OTTO,WOO-001,361162
MXWL_SLPCOV_AK-618-16,MXWL_SLPCOV,AK-618-16,725288
MXWL_SLPCOV_AK-618-184,MXWL_SLPCOV,AK-618-184,725239
MXWL_SLPCOV_AK-618-25,MXWL_SLPCOV,AK-618-25,725241
MXWL_SLPCOV_AK-618-40,MXWL_SLPCOV,AK-618-40,725240
MXWL_SLPCOV_AK-618-53,MXWL_SLPCOV,AK-618-53,725238
MXWL_SLPCOV_AM-001,MXWL_SLPCOV,AM-001,725261
MXWL_SLPCOV_AM-002,MXWL_SLPCOV,AM-002,725260
MXWL_SLPCOV_AM-003,MXWL_SLPCOV,AM-003,725262
MXWL_SLPCOV_ANG-002,MXWL_SLPCOV,ANG-002,725267
MXWL_SLPCOV_ANG-003,MXWL_SLPCOV,ANG-003,725268
MXWL_SLPCOV_BI-132,MXWL_SLPCOV,BI-132,611673
MXWL_SLPCOV_BI-133,MXWL_SLPCOV,BI-133,725272
MXWL_SLPCOV_BI-134,MXWL_SLPCOV,BI-134,611696
MXWL_SLPCOV_CAS-005,MXWL_SLPCOV,CAS-005,725194
MXWL_SLPCOV_CAS-010,MXWL_SLPCOV,CAS-010,725191
MXWL_SLPCOV_CAS-011,MXWL_SLPCOV,CAS-011,725193
MXWL_SLPCOV_CAS-016,MXWL_SLPCOV,CAS-016,725192
MXWL_SLPCOV_CAS-021,MXWL_SLPCOV,CAS-021,725285
MXWL_SLPCOV_CB-158,MXWL_SLPCOV,CB-158,725235
MXWL_SLPCOV_COV-003,MXWL_SLPCOV,COV-003,725225
MXWL_SLPCOV_COV-004,MXWL_SLPCOV,COV-004,725227
MXWL_SLPCOV_COV-005,MXWL_SLPCOV,COV-005,725230
MXWL_SLPCOV_COV-007,MXWL_SLPCOV,COV-007,725226
MXWL_SLPCOV_COV-011,MXWL_SLPCOV,COV-011,725280
MXWL_SLPCOV_COV-014,MXWL_SLPCOV,COV-014,725281
MXWL_SLPCOV_COV-017,MXWL_SLPCOV,COV-017,725228
MXWL_SLPCOV_COV-019,MXWL_SLPCOV,COV-019,725282
MXWL_SLPCOV_COV-023,MXWL_SLPCOV,COV-023,725229
MXWL_SLPCOV_COV-025,MXWL_SLPCOV,COV-025,725224
MXWL_SLPCOV_COV-030,MXWL_SLPCOV,COV-030,725231
MXWL_SLPCOV_CU-151,MXWL_SLPCOV,CU-151,725234
MXWL_SLPCOV_CU-152,MXWL_SLPCOV,CU-152,725232
MXWL_SLPCOV_CU-153,MXWL_SLPCOV,CU-153,725233
MXWL_SLPCOV_CU-154,MXWL_SLPCOV,CU-154,725289
MXWL_SLPCOV_CU-155,MXWL_SLPCOV,CU-155,725290
MXWL_SLPCOV_CW-001,MXWL_SLPCOV,CW-001,725291
MXWL_SLPCOV_GIA-005,MXWL_SLPCOV,GIA-005,725259
MXWL_SLPCOV_GIA-008,MXWL_SLPCOV,GIA-008,725199
MXWL_SLPCOV_GIA-015,MXWL_SLPCOV,GIA-015,725292
MXWL_SLPCOV_GIA-020,MXWL_SLPCOV,GIA-020,725257
MXWL_SLPCOV_GIA-032,MXWL_SLPCOV,GIA-032,725197
MXWL_SLPCOV_GIA-035,MXWL_SLPCOV,GIA-035,725198
MXWL_SLPCOV_GIA-040,MXWL_SLPCOV,GIA-040,725258
MXWL_SLPCOV_HRT-010,MXWL_SLPCOV,HRT-010,725190
MXWL_SLPCOV_HRT-027,MXWL_SLPCOV,HRT-027,725252
MXWL_SLPCOV_HRT-034,MXWL_SLPCOV,HRT-034,725251
MXWL_SLPCOV_HS-001,MXWL_SLPCOV,HS-001,725196
MXWL_SLPCOV_HS-002,MXWL_SLPCOV,HS-002,725195
MXWL_SLPCOV_I-73338-101,MXWL_SLPCOV,I-73338-101,725283
MXWL_SLPCOV_I-73338-107,MXWL_SLPCOV,I-73338-107,725284
MXWL_SLPCOV_I-N32326-103,MXWL_SLPCOV,I-N32326-103,725293
MXWL_SLPCOV_KEY-001,MXWL_SLPCOV,KEY-001,725294
MXWL_SLPCOV_KEY-002,MXWL_SLPCOV,KEY-002,725271
MXWL_SLPCOV_KEY-006,MXWL_SLPCOV,KEY-006,725270
MXWL_SLPCOV_KEY-014,MXWL_SLPCOV,KEY-014,725295
MXWL_SLPCOV_LNL-001,MXWL_SLPCOV,LNL-001,725236
MXWL_SLPCOV_LNL-002,MXWL_SLPCOV,LNL-002,725237
MXWL_SLPCOV_MER-001,MXWL_SLPCOV,MER-001,725187
MXWL_SLPCOV_MER-002,MXWL_SLPCOV,MER-002,725186
MXWL_SLPCOV_MER-003,MXWL_SLPCOV,MER-003,725183
MXWL_SLPCOV_MER-004,MXWL_SLPCOV,MER-004,725185
MXWL_SLPCOV_MER-005,MXWL_SLPCOV,MER-005,725245
MXWL_SLPCOV_MER-006,MXWL_SLPCOV,MER-006,725182
MXWL_SLPCOV_MER-007,MXWL_SLPCOV,MER-007,725189
MXWL_SLPCOV_MER-008,MXWL_SLPCOV,MER-008,725184
MXWL_SLPCOV_MER-009,MXWL_SLPCOV,MER-009,725188
MXWL_SLPCOV_MER-011,MXWL_SLPCOV,MER-011,725296
MXWL_SLPCOV_OMNI-010,MXWL_SLPCOV,OMNI-010,725274
MXWL_SLPCOV_OMNI-016,MXWL_SLPCOV,OMNI-016,725273
MXWL_SLPCOV_OTE-SUNDAY-103,MXWL_SLPCOV,OTE-SUNDAY-103,725243
MXWL_SLPCOV_OTE-SUNDAY-39,MXWL_SLPCOV,OTE-SUNDAY-39,725242
MXWL_SLPCOV_OTE-SUNDAY-53,MXWL_SLPCOV,OTE-SUNDAY-53,725244
MXWL_SLPCOV_OTE-SURREY-2,MXWL_SLPCOV,OTE-SURREY-2,725297
MXWL_SLPCOV_PD-001,MXWL_SLPCOV,PD-001,725223
MXWL_SLPCOV_PD-002,MXWL_SLPCOV,PD-002,725279
MXWL_SLPCOV_PL-002,MXWL_SLPCOV,PL-002,725255
MXWL_SLPCOV_PL-003,MXWL_SLPCOV,PL-003,725256
MXWL_SLPCOV_PW-001,MXWL_SLPCOV,PW-001,725264
MXWL_SLPCOV_PW-002,MXWL_SLPCOV,PW-002,725266
MXWL_SLPCOV_PW-004,MXWL_SLPCOV,PW-004,725200
MXWL_SLPCOV_PW-006,MXWL_SLPCOV,PW-006,725265
MXWL_SLPCOV_PW-007,MXWL_SLPCOV,PW-007,725263
MXWL_SLPCOV_ROY-001,MXWL_SLPCOV,ROY-001,725204
MXWL_SLPCOV_ROY-002,MXWL_SLPCOV,ROY-002,725209
MXWL_SLPCOV_ROY-003,MXWL_SLPCOV,ROY-003,725269
MXWL_SLPCOV_ROY-004,MXWL_SLPCOV,ROY-004,725201
MXWL_SLPCOV_ROY-005,MXWL_SLPCOV,ROY-005,725207
MXWL_SLPCOV_ROY-006,MXWL_SLPCOV,ROY-006,725202
MXWL_SLPCOV_ROY-007,MXWL_SLPCOV,ROY-007,725205
MXWL_SLPCOV_ROY-008,MXWL_SLPCOV,ROY-008,725208
MXWL_SLPCOV_ROY-009,MXWL_SLPCOV,ROY-009,725206
MXWL_SLPCOV_ROY-010,MXWL_SLPCOV,ROY-010,725203
MXWL_SLPCOV_SE-161,MXWL_SLPCOV,SE-161,725275
MXWL_SLPCOV_SE-162,MXWL_SLPCOV,SE-162,725213
MXWL_SLPCOV_SE-163,MXWL_SLPCOV,SE-163,725287
MXWL_SLPCOV_SE-164,MXWL_SLPCOV,SE-164,725217
MXWL_SLPCOV_SE-165,MXWL_SLPCOV,SE-165,725276
MXWL_SLPCOV_SE-166,MXWL_SLPCOV,SE-166,725218
MXWL_SLPCOV_SE-167,MXWL_SLPCOV,SE-167,725219
MXWL_SLPCOV_SE-168,MXWL_SLPCOV,SE-168,725278
MXWL_SLPCOV_SE-170,MXWL_SLPCOV,SE-170,725216
MXWL_SLPCOV_SE-171,MXWL_SLPCOV,SE-171,725222
MXWL_SLPCOV_SE-172,MXWL_SLPCOV,SE-172,725215
MXWL_SLPCOV_SE-173,MXWL_SLPCOV,SE-173,725220
MXWL_SLPCOV_SE-175,MXWL_SLPCOV,SE-175,725221
MXWL_SLPCOV_SE-176,MXWL_SLPCOV,SE-176,725211
MXWL_SLPCOV_SE-178,MXWL_SLPCOV,SE-178,725214
MXWL_SLPCOV_SE-179,MXWL_SLPCOV,SE-179,725277
MXWL_SLPCOV_SE-180,MXWL_SLPCOV,SE-180,725210
MXWL_SLPCOV_SE-181,MXWL_SLPCOV,SE-181,725212
MXWL_SLPCOV_SMA-019,MXWL_SLPCOV,SMA-019,725253
MXWL_SLPCOV_SMA-024,MXWL_SLPCOV,SMA-024,725286
MXWL_SLPCOV_SMA-027,MXWL_SLPCOV,SMA-027,725254
MXWL_SLPCOV_WH-001,MXWL_SLPCOV,WH-001,725250
MXWL_SLPCOV_WH-003,MXWL_SLPCOV,WH-003,725246
MXWL_SLPCOV_WH-004,MXWL_SLPCOV,WH-004,725248
MXWL_SLPCOV_WH-005,MXWL_SLPCOV,WH-005,725249
MXWL_TALL_AK-618-16,MXWL_TALL,AK-618-16,724350
MXWL_TALL_AK-618-184,MXWL_TALL,AK-618-184,724301
MXWL_TALL_AK-618-25,MXWL_TALL,AK-618-25,724303
MXWL_TALL_AK-618-40,MXWL_TALL,AK-618-40,724302
MXWL_TALL_AK-618-53,MXWL_TALL,AK-618-53,724300
MXWL_TALL_AM-001,MXWL_TALL,AM-001,724323
MXWL_TALL_AM-002,MXWL_TALL,AM-002,724322
MXWL_TALL_AM-003,MXWL_TALL,AM-003,724324
MXWL_TALL_ANG-002,MXWL_TALL,ANG-002,724329
MXWL_TALL_ANG-003,MXWL_TALL,ANG-003,724330
MXWL_TALL_BI-133,MXWL_TALL,BI-133,724334
MXWL_TALL_CAS-005,MXWL_TALL,CAS-005,724256
MXWL_TALL_CAS-010,MXWL_TALL,CAS-010,724253
MXWL_TALL_CAS-011,MXWL_TALL,CAS-011,724255
MXWL_TALL_CAS-016,MXWL_TALL,CAS-016,724254
MXWL_TALL_CAS-021,MXWL_TALL,CAS-021,724347
MXWL_TALL_CB-158,MXWL_TALL,CB-158,724297
MXWL_TALL_COV-003,MXWL_TALL,COV-003,724287
MXWL_TALL_COV-004,MXWL_TALL,COV-004,724289
MXWL_TALL_COV-005,MXWL_TALL,COV-005,724292
MXWL_TALL_COV-007,MXWL_TALL,COV-007,724288
MXWL_TALL_COV-011,MXWL_TALL,COV-011,724342
MXWL_TALL_COV-014,MXWL_TALL,COV-014,724343
MXWL_TALL_COV-017,MXWL_TALL,COV-017,724290
MXWL_TALL_COV-019,MXWL_TALL,COV-019,724344
MXWL_TALL_COV-023,MXWL_TALL,COV-023,724291
MXWL_TALL_COV-025,MXWL_TALL,COV-025,724286
MXWL_TALL_COV-030,MXWL_TALL,COV-030,724293
MXWL_TALL_CU-151,MXWL_TALL,CU-151,724296
MXWL_TALL_CU-152,MXWL_TALL,CU-152,724294
MXWL_TALL_CU-153,MXWL_TALL,CU-153,724295
MXWL_TALL_CU-154,MXWL_TALL,CU-154,724351
MXWL_TALL_CU-155,MXWL_TALL,CU-155,724352
MXWL_TALL_CW-001,MXWL_TALL,CW-001,724353
MXWL_TALL_GIA-005,MXWL_TALL,GIA-005,724321
MXWL_TALL_GIA-008,MXWL_TALL,GIA-008,724261
MXWL_TALL_GIA-015,MXWL_TALL,GIA-015,724354
MXWL_TALL_GIA-020,MXWL_TALL,GIA-020,724319
MXWL_TALL_GIA-032,MXWL_TALL,GIA-032,724259
MXWL_TALL_GIA-035,MXWL_TALL,GIA-035,724260
MXWL_TALL_GIA-040,MXWL_TALL,GIA-040,724320
MXWL_TALL_HRT-010,MXWL_TALL,HRT-010,724252
MXWL_TALL_HRT-027,MXWL_TALL,HRT-027,724314
MXWL_TALL_HRT-034,MXWL_TALL,HRT-034,724313
MXWL_TALL_HS-001,MXWL_TALL,HS-001,724258
MXWL_TALL_HS-002,MXWL_TALL,HS-002,724257
MXWL_TALL_I-73338-101,MXWL_TALL,I-73338-101,724345
MXWL_TALL_I-73338-107,MXWL_TALL,I-73338-107,724346
MXWL_TALL_I-N32326-103,MXWL_TALL,I-N32326-103,724355
MXWL_TALL_KEY-001,MXWL_TALL,KEY-001,724356
MXWL_TALL_KEY-002,MXWL_TALL,KEY-002,724333
MXWL_TALL_KEY-006,MXWL_TALL,KEY-006,724332
MXWL_TALL_KEY-014,MXWL_TALL,KEY-014,724357
MXWL_TALL_LNL-001,MXWL_TALL,LNL-001,724298
MXWL_TALL_LNL-002,MXWL_TALL,LNL-002,724299
MXWL_TALL_MER-001,MXWL_TALL,MER-001,724249
MXWL_TALL_MER-002,MXWL_TALL,MER-002,724248
MXWL_TALL_MER-003,MXWL_TALL,MER-003,724245
MXWL_TALL_MER-004,MXWL_TALL,MER-004,724247
MXWL_TALL_MER-005,MXWL_TALL,MER-005,724307
MXWL_TALL_MER-006,MXWL_TALL,MER-006,724244
MXWL_TALL_MER-007,MXWL_TALL,MER-007,724251
MXWL_TALL_MER-008,MXWL_TALL,MER-008,724246
MXWL_TALL_MER-009,MXWL_TALL,MER-009,724250
MXWL_TALL_MER-011,MXWL_TALL,MER-011,724358
MXWL_TALL_OMNI-010,MXWL_TALL,OMNI-010,724336
MXWL_TALL_OMNI-016,MXWL_TALL,OMNI-016,724335
MXWL_TALL_OTE-SUNDAY-103,MXWL_TALL,OTE-SUNDAY-103,724305
MXWL_TALL_OTE-SUNDAY-39,MXWL_TALL,OTE-SUNDAY-39,724304
MXWL_TALL_OTE-SUNDAY-53,MXWL_TALL,OTE-SUNDAY-53,724306
MXWL_TALL_OTE-SURREY-2,MXWL_TALL,OTE-SURREY-2,724359
MXWL_TALL_PD-001,MXWL_TALL,PD-001,724285
MXWL_TALL_PD-002,MXWL_TALL,PD-002,724341
MXWL_TALL_PL-002,MXWL_TALL,PL-002,724317
MXWL_TALL_PL-003,MXWL_TALL,PL-003,724318
MXWL_TALL_PW-001,MXWL_TALL,PW-001,724326
MXWL_TALL_PW-002,MXWL_TALL,PW-002,724328
MXWL_TALL_PW-004,MXWL_TALL,PW-004,724262
MXWL_TALL_PW-006,MXWL_TALL,PW-006,724327
MXWL_TALL_PW-007,MXWL_TALL,PW-007,724325
MXWL_TALL_ROY-001,MXWL_TALL,ROY-001,724266
MXWL_TALL_ROY-002,MXWL_TALL,ROY-002,724271
MXWL_TALL_ROY-003,MXWL_TALL,ROY-003,724331
MXWL_TALL_ROY-004,MXWL_TALL,ROY-004,724263
MXWL_TALL_ROY-005,MXWL_TALL,ROY-005,724269
MXWL_TALL_ROY-006,MXWL_TALL,ROY-006,724264
MXWL_TALL_ROY-007,MXWL_TALL,ROY-007,724267
MXWL_TALL_ROY-008,MXWL_TALL,ROY-008,724270
MXWL_TALL_ROY-009,MXWL_TALL,ROY-009,724268
MXWL_TALL_ROY-010,MXWL_TALL,ROY-010,724265
MXWL_TALL_SE-161,MXWL_TALL,SE-161,724337
MXWL_TALL_SE-162,MXWL_TALL,SE-162,724275
MXWL_TALL_SE-163,MXWL_TALL,SE-163,724349
MXWL_TALL_SE-164,MXWL_TALL,SE-164,724279
MXWL_TALL_SE-165,MXWL_TALL,SE-165,724338
MXWL_TALL_SE-166,MXWL_TALL,SE-166,724280
MXWL_TALL_SE-167,MXWL_TALL,SE-167,724281
MXWL_TALL_SE-168,MXWL_TALL,SE-168,724340
MXWL_TALL_SE-170,MXWL_TALL,SE-170,724278
MXWL_TALL_SE-171,MXWL_TALL,SE-171,724284
MXWL_TALL_SE-172,MXWL_TALL,SE-172,724277
MXWL_TALL_SE-173,MXWL_TALL,SE-173,724282
MXWL_TALL_SE-175,MXWL_TALL,SE-175,724283
MXWL_TALL_SE-176,MXWL_TALL,SE-176,724273
MXWL_TALL_SE-178,MXWL_TALL,SE-178,724276
MXWL_TALL_SE-179,MXWL_TALL,SE-179,724339
MXWL_TALL_SE-180,MXWL_TALL,SE-180,724272
MXWL_TALL_SE-181,MXWL_TALL,SE-181,724274
MXWL_TALL_SMA-019,MXWL_TALL,SMA-019,724315
MXWL_TALL_SMA-024,MXWL_TALL,SMA-024,724348
MXWL_TALL_SMA-027,MXWL_TALL,SMA-027,724316
MXWL_TALL_WH-001,MXWL_TALL,WH-001,724312
MXWL_TALL_WH-002,MXWL_TALL,WH-002,724309
MXWL_TALL_WH-003,MXWL_TALL,WH-003,724308
MXWL_TALL_WH-004,MXWL_TALL,WH-004,724310
MXWL_TALL_WH-005,MXWL_TALL,WH-005,724311
SLON_CHSE_AK-618-16,SLON_CHSE,AK-618-16,567523
SLON_CHSE_AK-618-175,SLON_CHSE,AK-618-175,16560
SLON_CHSE_AK-618-184,SLON_CHSE,AK-618-184,16565
SLON_CHSE_AK-618-25,SLON_CHSE,AK-618-25,16558
SLON_CHSE_AK-618-40,SLON_CHSE,AK-618-40,16556
SLON_CHSE_AK-618-53,SLON_CHSE,AK-618-53,16559
SLON_CHSE_AM-001,SLON_CHSE,AM-001,160251
SLON_CHSE_AM-002,SLON_CHSE,AM-002,160003
SLON_CHSE_AM-003,SLON_CHSE,AM-003,159580
SLON_CHSE_ANG-001,SLON_CHSE,ANG-001,306517
SLON_CHSE_ANG-002,SLON_CHSE,ANG-002,259675
SLON_CHSE_ANG-003,SLON_CHSE,ANG-003,311362
SLON_CHSE_BI-133,SLON_CHSE,BI-133,16547
SLON_CHSE_CAS-005,SLON_CHSE,CAS-005,635778
SLON_CHSE_CAS-010,SLON_CHSE,CAS-010,152319
SLON_CHSE_CAS-011,SLON_CHSE,CAS-011,152462
SLON_CHSE_CAS-016,SLON_CHSE,CAS-016,152595
SLON_CHSE_CAS-021,SLON_CHSE,CAS-021,634861
SLON_CHSE_CB-158,SLON_CHSE,CB-158,64430
SLON_CHSE_COV-003,SLON_CHSE,COV-003,331936
SLON_CHSE_COV-004,SLON_CHSE,COV-004,119151
SLON_CHSE_COV-005,SLON_CHSE,COV-005,104383
SLON_CHSE_COV-007,SLON_CHSE,COV-007,65696
SLON_CHSE_COV-011,SLON_CHSE,COV-011,104654
SLON_CHSE_COV-014,SLON_CHSE,COV-014,267385
SLON_CHSE_COV-017,SLON_CHSE,COV-017,65614
SLON_CHSE_COV-019,SLON_CHSE,COV-019,118232
SLON_CHSE_COV-023,SLON_CHSE,COV-023,624112
SLON_CHSE_COV-025,SLON_CHSE,COV-025,118693
SLON_CHSE_COV-030,SLON_CHSE,COV-030,65655
SLON_CHSE_CU-151,SLON_CHSE,CU-151,16528
SLON_CHSE_CU-152,SLON_CHSE,CU-152,16531
SLON_CHSE_CU-153,SLON_CHSE,CU-153,16532
SLON_CHSE_CU-154,SLON_CHSE,CU-154,16529
SLON_CHSE_CU-155,SLON_CHSE,CU-155,16527
SLON_CHSE_CW-001,SLON_CHSE,CW-001,16567
SLON_CHSE_CW-002,SLON_CHSE,CW-002,16568
SLON_CHSE_GIA-005,SLON_CHSE,GIA-005,152718
SLON_CHSE_GIA-008,SLON_CHSE,GIA-008,111017
SLON_CHSE_GIA-015,SLON_CHSE,GIA-015,604051
SLON_CHSE_GIA-020,SLON_CHSE,GIA-020,105198
SLON_CHSE_GIA-032,SLON_CHSE,GIA-032,360775
SLON_CHSE_GIA-035,SLON_CHSE,GIA-035,577891
SLON_CHSE_GIA-040,SLON_CHSE,GIA-040,64839
SLON_CHSE_HRT-001,SLON_CHSE,HRT-001,151576
SLON_CHSE_HRT-010,SLON_CHSE,HRT-010,151822
SLON_CHSE_HRT-027,SLON_CHSE,HRT-027,152068
SLON_CHSE_HRT-034,SLON_CHSE,HRT-034,152191
SLON_CHSE_HS-001,SLON_CHSE,HS-001,575691
SLON_CHSE_I-73338-101,SLON_CHSE,I-73338-101,16551
SLON_CHSE_I-73338-102,SLON_CHSE,I-73338-102,16553
SLON_CHSE_I-73338-107,SLON_CHSE,I-73338-107,16552
SLON_CHSE_I-N32326-103,SLON_CHSE,I-N32326-103,16555
SLON_CHSE_KEY-001,SLON_CHSE,KEY-001,65221
SLON_CHSE_KEY-002,SLON_CHSE,KEY-002,65180
SLON_CHSE_KEY-006,SLON_CHSE,KEY-006,65303
SLON_CHSE_KEY-014,SLON_CHSE,KEY-014,65139
SLON_CHSE_LNL-001,SLON_CHSE,LNL-001,596606
SLON_CHSE_LNL-002,SLON_CHSE,LNL-002,596872
SLON_CHSE_MER-001,SLON_CHSE,MER-001,106762
SLON_CHSE_MER-002,SLON_CHSE,MER-002,107530
SLON_CHSE_MER-003,SLON_CHSE,MER-003,106046
SLON_CHSE_MER-004,SLON_CHSE,MER-004,151489
SLON_CHSE_MER-005,SLON_CHSE,MER-005,564961
SLON_CHSE_MER-006,SLON_CHSE,MER-006,151439
SLON_CHSE_MER-007,SLON_CHSE,MER-007,255139
SLON_CHSE_MER-008,SLON_CHSE,MER-008,334027
SLON_CHSE_MER-009,SLON_CHSE,MER-009,333013
SLON_CHSE_MER-010,SLON_CHSE,MER-010,350374
SLON_CHSE_MER-011,SLON_CHSE,MER-011,257407
SLON_CHSE_OMNI-004,SLON_CHSE,OMNI-004,64952
SLON_CHSE_OMNI-005,SLON_CHSE,OMNI-005,568177
SLON_CHSE_OMNI-010,SLON_CHSE,OMNI-010,65016
SLON_CHSE_OMNI-016,SLON_CHSE,OMNI-016,577336
SLON_CHSE_OTE-SUNDAY-103,SLON_CHSE,OTE-SUNDAY-103,562621
SLON_CHSE_OTE-SUNDAY-39,SLON_CHSE,OTE-SUNDAY-39,16572
SLON_CHSE_OTE-SUNDAY-53,SLON_CHSE,OTE-SUNDAY-53,16574
SLON_CHSE_OTE-SURREY-2,SLON_CHSE,OTE-SURREY-2,16548
SLON_CHSE_OTE-sunday-103,SLON_CHSE,OTE-sunday-103,562621
SLON_CHSE_OTE-sunday-39,SLON_CHSE,OTE-sunday-39,16572
SLON_CHSE_OTE-sunday-53,SLON_CHSE,OTE-sunday-53,16574
SLON_CHSE_OTE-surrey-2,SLON_CHSE,OTE-surrey-2,16548
SLON_CHSE_PD-001,SLON_CHSE,PD-001,576029
SLON_CHSE_PD-002,SLON_CHSE,PD-002,575309
SLON_CHSE_PER-007,SLON_CHSE,PER-007,47377
SLON_CHSE_PER-012,SLON_CHSE,PER-012,46006
SLON_CHSE_PER-026,SLON_CHSE,PER-026,46075
SLON_CHSE_PER-038,SLON_CHSE,PER-038,45468
SLON_CHSE_PER-043,SLON_CHSE,PER-043,46818
SLON_CHSE_PL-002,SLON_CHSE,PL-002,591905
SLON_CHSE_PL-003,SLON_CHSE,PL-003,593324
SLON_CHSE_PW-001,SLON_CHSE,PW-001,50488
SLON_CHSE_PW-002,SLON_CHSE,PW-002,152858
SLON_CHSE_PW-004,SLON_CHSE,PW-004,16526
SLON_CHSE_PW-005,SLON_CHSE,PW-005,107216
SLON_CHSE_PW-006,SLON_CHSE,PW-006,564415
SLON_CHSE_PW-007,SLON_CHSE,PW-007,261943
SLON_CHSE_ROY-001,SLON_CHSE,ROY-001,65262
SLON_CHSE_ROY-002,SLON_CHSE,ROY-002,65378
SLON_CHSE_ROY-003,SLON_CHSE,ROY-003,65450
SLON_CHSE_ROY-004,SLON_CHSE,ROY-004,65491
SLON_CHSE_ROY-005,SLON_CHSE,ROY-005,65532
SLON_CHSE_ROY-006,SLON_CHSE,ROY-006,65573
SLON_CHSE_ROY-007,SLON_CHSE,ROY-007,90655
SLON_CHSE_ROY-008,SLON_CHSE,ROY-008,91189
SLON_CHSE_ROY-009,SLON_CHSE,ROY-009,91519
SLON_CHSE_ROY-010,SLON_CHSE,ROY-010,91969
SLON_CHSE_SE-161,SLON_CHSE,SE-161,16543
SLON_CHSE_SE-162,SLON_CHSE,SE-162,16537
SLON_CHSE_SE-163,SLON_CHSE,SE-163,16536
SLON_CHSE_SE-164,SLON_CHSE,SE-164,16541
SLON_CHSE_SE-165,SLON_CHSE,SE-165,16538
SLON_CHSE_SE-166,SLON_CHSE,SE-166,16540
SLON_CHSE_SE-167,SLON_CHSE,SE-167,16544
SLON_CHSE_SE-168,SLON_CHSE,SE-168,16539
SLON_CHSE_SE-170,SLON_CHSE,SE-170,16542
SLON_CHSE_SE-171,SLON_CHSE,SE-171,92905
SLON_CHSE_SE-172,SLON_CHSE,SE-172,585359
SLON_CHSE_SE-173,SLON_CHSE,SE-173,93807
SLON_CHSE_SE-175,SLON_CHSE,SE-175,290698
SLON_CHSE_SE-176,SLON_CHSE,SE-176,352894
SLON_CHSE_SE-178,SLON_CHSE,SE-178,248896
SLON_CHSE_SE-179,SLON_CHSE,SE-179,323824
SLON_CHSE_SE-180,SLON_CHSE,SE-180,624589
SLON_CHSE_SE-181,SLON_CHSE,SE-181,625241
SLON_CHSE_SMA-019,SLON_CHSE,SMA-019,390813
SLON_CHSE_SMA-024,SLON_CHSE,SMA-024,162416
SLON_CHSE_SMA-027,SLON_CHSE,SMA-027,53432
SLON_CHSE_SMA-029,SLON_CHSE,SMA-029,47808
SLON_CHSE_SMA-030,SLON_CHSE,SMA-030,53717
SLON_CHSE_SMA-19,SLON_CHSE,SMA-19,264094
SLON_CHSE_WOO-001,SLON_CHSE,WOO-001,361075
SLON_LEATHR_2210A,SLON_LEATHR,2210A,14538
SLON_LEATHR_8519A,SLON_LEATHR,8519A,14539
SLON_LEATHR_LTHR-01,SLON_LEATHR,LTHR-01,77035
SLON_LEATHR_LTHR-02,SLON_LEATHR,LTHR-02,77252
SLON_LEATHR_LTHR-03,SLON_LEATHR,LTHR-03,77469
SLON_LEATHR_LTHR-04,SLON_LEATHR,LTHR-04,78393
SLON_LEATHR_LTHR-05,SLON_LEATHR,LTHR-05,77891
SLON_LEATHR_LTHR-06,SLON_LEATHR,LTHR-06,78108
SLON_LEATHR_LTHR-07,SLON_LEATHR,LTHR-07,644117
SLON_LEATHR_LTHR-08,SLON_LEATHR,LTHR-08,645190
SLON_LEATHR_LTHR-09,SLON_LEATHR,LTHR-09,644707
SLON_OTTO_AK-618-16,SLON_OTTO,AK-618-16,567439
SLON_OTTO_AK-618-175,SLON_OTTO,AK-618-175,15353
SLON_OTTO_AK-618-184,SLON_OTTO,AK-618-184,15358
SLON_OTTO_AK-618-25,SLON_OTTO,AK-618-25,15351
SLON_OTTO_AK-618-40,SLON_OTTO,AK-618-40,15349
SLON_OTTO_AK-618-53,SLON_OTTO,AK-618-53,15352
SLON_OTTO_AM-001,SLON_OTTO,AM-001,160248
SLON_OTTO_AM-002,SLON_OTTO,AM-002,160000
SLON_OTTO_AM-003,SLON_OTTO,AM-003,159577
SLON_OTTO_ANG-001,SLON_OTTO,ANG-001,306502
SLON_OTTO_ANG-002,SLON_OTTO,ANG-002,259636
SLON_OTTO_ANG-003,SLON_OTTO,ANG-003,311347
SLON_OTTO_BI-133,SLON_OTTO,BI-133,15340
SLON_OTTO_CAS-005,SLON_OTTO,CAS-005,635755
SLON_OTTO_CAS-010,SLON_OTTO,CAS-010,152318
SLON_OTTO_CAS-011,SLON_OTTO,CAS-011,152461
SLON_OTTO_CAS-016,SLON_OTTO,CAS-016,152594
SLON_OTTO_CAS-021,SLON_OTTO,CAS-021,634862
SLON_OTTO_CB-158,SLON_OTTO,CB-158,64340
SLON_OTTO_COV-003,SLON_OTTO,COV-003,333157
SLON_OTTO_COV-004,SLON_OTTO,COV-004,119152
SLON_OTTO_COV-005,SLON_OTTO,COV-005,104384
SLON_OTTO_COV-007,SLON_OTTO,COV-007,63399
SLON_OTTO_COV-011,SLON_OTTO,COV-011,104655
SLON_OTTO_COV-014,SLON_OTTO,COV-014,267346
SLON_OTTO_COV-017,SLON_OTTO,COV-017,63735
SLON_OTTO_COV-019,SLON_OTTO,COV-019,118233
SLON_OTTO_COV-023,SLON_OTTO,COV-023,624102
SLON_OTTO_COV-025,SLON_OTTO,COV-025,118694
SLON_OTTO_COV-030,SLON_OTTO,COV-030,64071
SLON_OTTO_CU-151,SLON_OTTO,CU-151,15321
SLON_OTTO_CU-152,SLON_OTTO,CU-152,15324
SLON_OTTO_CU-153,SLON_OTTO,CU-153,15325
SLON_OTTO_CU-154,SLON_OTTO,CU-154,15322
SLON_OTTO_CU-155,SLON_OTTO,CU-155,15320
SLON_OTTO_CW-001,SLON_OTTO,CW-001,15360
SLON_OTTO_CW-002,SLON_OTTO,CW-002,15361
SLON_OTTO_GIA-005,SLON_OTTO,GIA-005,152717
SLON_OTTO_GIA-008,SLON_OTTO,GIA-008,111018
SLON_OTTO_GIA-015,SLON_OTTO,GIA-015,604028
SLON_OTTO_GIA-020,SLON_OTTO,GIA-020,105199
SLON_OTTO_GIA-032,SLON_OTTO,GIA-032,360772
SLON_OTTO_GIA-035,SLON_OTTO,GIA-035,577886
SLON_OTTO_GIA-040,SLON_OTTO,GIA-040,64840
SLON_OTTO_HRT-001,SLON_OTTO,HRT-001,151575
SLON_OTTO_HRT-010,SLON_OTTO,HRT-010,151821
SLON_OTTO_HRT-027,SLON_OTTO,HRT-027,152067
SLON_OTTO_HRT-034,SLON_OTTO,HRT-034,152190
SLON_OTTO_HS-001,SLON_OTTO,HS-001,155327
SLON_OTTO_HS-002,SLON_OTTO,HS-002,155051
SLON_OTTO_I-73338-101,SLON_OTTO,I-73338-101,15344
SLON_OTTO_I-73338-102,SLON_OTTO,I-73338-102,635930
SLON_OTTO_I-73338-107,SLON_OTTO,I-73338-107,15345
SLON_OTTO_I-N32326-103,SLON_OTTO,I-N32326-103,15348
SLON_OTTO_KEY-001,SLON_OTTO,KEY-001,61517
SLON_OTTO_KEY-002,SLON_OTTO,KEY-002,62055
SLON_OTTO_KEY-006,SLON_OTTO,KEY-006,61047
SLON_OTTO_KEY-014,SLON_OTTO,KEY-014,60711
SLON_OTTO_LNL-001,SLON_OTTO,LNL-001,596578
SLON_OTTO_LNL-002,SLON_OTTO,LNL-002,592724
SLON_OTTO_MER-001,SLON_OTTO,MER-001,106763
SLON_OTTO_MER-002,SLON_OTTO,MER-002,107531
SLON_OTTO_MER-003,SLON_OTTO,MER-003,106047
SLON_OTTO_MER-004,SLON_OTTO,MER-004,151488
SLON_OTTO_MER-005,SLON_OTTO,MER-005,564910
SLON_OTTO_MER-006,SLON_OTTO,MER-006,151438
SLON_OTTO_MER-007,SLON_OTTO,MER-007,255100
SLON_OTTO_MER-008,SLON_OTTO,MER-008,334024
SLON_OTTO_MER-009,SLON_OTTO,MER-009,333010
SLON_OTTO_MER-010,SLON_OTTO,MER-010,350359
SLON_OTTO_MER-011,SLON_OTTO,MER-011,257368
SLON_OTTO_OMNI-004,SLON_OTTO,OMNI-004,62391
SLON_OTTO_OMNI-005,SLON_OTTO,OMNI-005,568093
SLON_OTTO_OMNI-010,SLON_OTTO,OMNI-010,63063
SLON_OTTO_OMNI-016,SLON_OTTO,OMNI-016,577516
SLON_OTTO_OTE-SUNDAY-103,SLON_OTTO,OTE-SUNDAY-103,562546
SLON_OTTO_OTE-SUNDAY-39,SLON_OTTO,OTE-SUNDAY-39,15365
SLON_OTTO_OTE-SUNDAY-53,SLON_OTTO,OTE-SUNDAY-53,15367
SLON_OTTO_OTE-SURREY-2,SLON_OTTO,OTE-SURREY-2,15341
SLON_OTTO_OTE-sunday-103,SLON_OTTO,OTE-sunday-103,562546
SLON_OTTO_OTE-sunday-39,SLON_OTTO,OTE-sunday-39,15365
SLON_OTTO_OTE-sunday-53,SLON_OTTO,OTE-sunday-53,15367
SLON_OTTO_OTE-surrey-2,SLON_OTTO,OTE-surrey-2,15341
SLON_OTTO_PD-001,SLON_OTTO,PD-001,575704
SLON_OTTO_PD-002,SLON_OTTO,PD-002,575280
SLON_OTTO_PER-001,SLON_OTTO,PER-001,46536
SLON_OTTO_PER-004,SLON_OTTO,PER-004,47069
SLON_OTTO_PER-007,SLON_OTTO,PER-007,47364
SLON_OTTO_PER-012,SLON_OTTO,PER-012,45993
SLON_OTTO_PER-026,SLON_OTTO,PER-026,46062
SLON_OTTO_PER-029,SLON_OTTO,PER-029,45724
SLON_OTTO_PER-038,SLON_OTTO,PER-038,45455
SLON_OTTO_PER-043,SLON_OTTO,PER-043,46805
SLON_OTTO_PL-002,SLON_OTTO,PL-002,591619
SLON_OTTO_PL-003,SLON_OTTO,PL-003,592199
SLON_OTTO_PW-001,SLON_OTTO,PW-001,50475
SLON_OTTO_PW-002,SLON_OTTO,PW-002,152849
SLON_OTTO_PW-004,SLON_OTTO,PW-004,15319
SLON_OTTO_PW-005,SLON_OTTO,PW-005,107217
SLON_OTTO_PW-006,SLON_OTTO,PW-006,564364
SLON_OTTO_PW-007,SLON_OTTO,PW-007,261904
SLON_OTTO_ROY-001,SLON_OTTO,ROY-001,58493
SLON_OTTO_ROY-002,SLON_OTTO,ROY-002,65365
SLON_OTTO_ROY-003,SLON_OTTO,ROY-003,58829
SLON_OTTO_ROY-004,SLON_OTTO,ROY-004,57821
SLON_OTTO_ROY-005,SLON_OTTO,ROY-005,59165
SLON_OTTO_ROY-006,SLON_OTTO,ROY-006,58157
SLON_OTTO_ROY-007,SLON_OTTO,ROY-007,90656
SLON_OTTO_ROY-008,SLON_OTTO,ROY-008,91192
SLON_OTTO_ROY-009,SLON_OTTO,ROY-009,91520
SLON_OTTO_ROY-010,SLON_OTTO,ROY-010,91970
SLON_OTTO_SE-161,SLON_OTTO,SE-161,15336
SLON_OTTO_SE-162,SLON_OTTO,SE-162,15330
SLON_OTTO_SE-163,SLON_OTTO,SE-163,15329
SLON_OTTO_SE-164,SLON_OTTO,SE-164,15334
SLON_OTTO_SE-165,SLON_OTTO,SE-165,15331
SLON_OTTO_SE-166,SLON_OTTO,SE-166,15333
SLON_OTTO_SE-167,SLON_OTTO,SE-167,15337
SLON_OTTO_SE-168,SLON_OTTO,SE-168,15332
SLON_OTTO_SE-170,SLON_OTTO,SE-170,15335
SLON_OTTO_SE-171,SLON_OTTO,SE-171,92906
SLON_OTTO_SE-172,SLON_OTTO,SE-172,585349
SLON_OTTO_SE-173,SLON_OTTO,SE-173,93808
SLON_OTTO_SE-175,SLON_OTTO,SE-175,290659
SLON_OTTO_SE-176,SLON_OTTO,SE-176,352888
SLON_OTTO_SE-178,SLON_OTTO,SE-178,248866
SLON_OTTO_SE-179,SLON_OTTO,SE-179,323785
SLON_OTTO_SE-180,SLON_OTTO,SE-180,624590
SLON_OTTO_SE-181,SLON_OTTO,SE-181,625242
SLON_OTTO_SMA-019,SLON_OTTO,SMA-019,390774
SLON_OTTO_SMA-024,SLON_OTTO,SMA-024,162403
SLON_OTTO_SMA-027,SLON_OTTO,SMA-027,53424
SLON_OTTO_SMA-030,SLON_OTTO,SMA-030,53709
SLON_OTTO_SMA-19,SLON_OTTO,SMA-19,264055
SLON_OTTO_WH-001,SLON_OTTO,WH-001,157709
SLON_OTTO_WH-002,SLON_OTTO,WH-002,158735
SLON_OTTO_WH-003,SLON_OTTO,WH-003,158503
SLON_OTTO_WH-004,SLON_OTTO,WH-004,158203
SLON_OTTO_WH-005,SLON_OTTO,WH-005,157941
SLON_OTTO_WOO-001,SLON_OTTO,WOO-001,361045
SLON_SLEEPR_8519A,SLON_SLEEPR,8519A,285538
SLON_SLEEPR_AK-618-16,SLON_SLEEPR,AK-618-16,567538
SLON_SLEEPR_AK-618-175,SLON_SLEEPR,AK-618-175,18058
SLON_SLEEPR_AK-618-184,SLON_SLEEPR,AK-618-184,18063
SLON_SLEEPR_AK-618-25,SLON_SLEEPR,AK-618-25,18056
SLON_SLEEPR_AK-618-40,SLON_SLEEPR,AK-618-40,18054
SLON_SLEEPR_AK-618-53,SLON_SLEEPR,AK-618-53,18057
SLON_SLEEPR_AM-001,SLON_SLEEPR,AM-001,160257
SLON_SLEEPR_AM-002,SLON_SLEEPR,AM-002,160009
SLON_SLEEPR_AM-003,SLON_SLEEPR,AM-003,159586
SLON_SLEEPR_ANG-001,SLON_SLEEPR,ANG-001,306538
SLON_SLEEPR_ANG-002,SLON_SLEEPR,ANG-002,259717
SLON_SLEEPR_ANG-003,SLON_SLEEPR,ANG-003,311383
SLON_SLEEPR_BI-133,SLON_SLEEPR,BI-133,18045
SLON_SLEEPR_CAS-005,SLON_SLEEPR,CAS-005,635779
SLON_SLEEPR_CAS-010,SLON_SLEEPR,CAS-010,152321
SLON_SLEEPR_CAS-011,SLON_SLEEPR,CAS-011,152464
SLON_SLEEPR_CAS-016,SLON_SLEEPR,CAS-016,152597
SLON_SLEEPR_CAS-021,SLON_SLEEPR,CAS-021,634897
SLON_SLEEPR_CB-158,SLON_SLEEPR,CB-158,64364
SLON_SLEEPR_COV-003,SLON_SLEEPR,COV-003,331939
SLON_SLEEPR_COV-004,SLON_SLEEPR,COV-004,119179
SLON_SLEEPR_COV-005,SLON_SLEEPR,COV-005,104409
SLON_SLEEPR_COV-007,SLON_SLEEPR,COV-007,65699
SLON_SLEEPR_COV-011,SLON_SLEEPR,COV-011,104680
SLON_SLEEPR_COV-014,SLON_SLEEPR,COV-014,267427
SLON_SLEEPR_COV-017,SLON_SLEEPR,COV-017,65617
SLON_SLEEPR_COV-019,SLON_SLEEPR,COV-019,118260
SLON_SLEEPR_COV-023,SLON_SLEEPR,COV-023,624113
SLON_SLEEPR_COV-025,SLON_SLEEPR,COV-025,118721
SLON_SLEEPR_COV-030,SLON_SLEEPR,COV-030,65658
SLON_SLEEPR_CU-151,SLON_SLEEPR,CU-151,18026
SLON_SLEEPR_CU-152,SLON_SLEEPR,CU-152,18029
SLON_SLEEPR_CU-153,SLON_SLEEPR,CU-153,18030
SLON_SLEEPR_CU-154,SLON_SLEEPR,CU-154,18027
SLON_SLEEPR_CU-155,SLON_SLEEPR,CU-155,18025
SLON_SLEEPR_CW-001,SLON_SLEEPR,CW-001,18065
SLON_SLEEPR_CW-002,SLON_SLEEPR,CW-002,18066
SLON_SLEEPR_FST-024,SLON_SLEEPR,FST-024,577512
SLON_SLEEPR_GIA-005,SLON_SLEEPR,GIA-005,152720
SLON_SLEEPR_GIA-008,SLON_SLEEPR,GIA-008,111037
SLON_SLEEPR_GIA-015,SLON_SLEEPR,GIA-015,604052
SLON_SLEEPR_GIA-020,SLON_SLEEPR,GIA-020,105224
SLON_SLEEPR_GIA-032,SLON_SLEEPR,GIA-032,360781
SLON_SLEEPR_GIA-035,SLON_SLEEPR,GIA-035,577894
SLON_SLEEPR_GIA-040,SLON_SLEEPR,GIA-040,64875
SLON_SLEEPR_HRT-001,SLON_SLEEPR,HRT-001,151578
SLON_SLEEPR_HRT-010,SLON_SLEEPR,HRT-010,151824
SLON_SLEEPR_HRT-027,SLON_SLEEPR,HRT-027,152070
SLON_SLEEPR_HRT-034,SLON_SLEEPR,HRT-034,152193
SLON_SLEEPR_HS-001,SLON_SLEEPR,HS-001,155336
SLON_SLEEPR_HS-002,SLON_SLEEPR,HS-002,155060
SLON_SLEEPR_I-73338-101,SLON_SLEEPR,I-73338-101,18049
SLON_SLEEPR_I-73338-102,SLON_SLEEPR,I-73338-102,18051
SLON_SLEEPR_I-73338-107,SLON_SLEEPR,I-73338-107,18050
SLON_SLEEPR_I-N32326-103,SLON_SLEEPR,I-N32326-103,18053
SLON_SLEEPR_KEY-001,SLON_SLEEPR,KEY-001,65224
SLON_SLEEPR_KEY-002,SLON_SLEEPR,KEY-002,65183
SLON_SLEEPR_KEY-006,SLON_SLEEPR,KEY-006,65306
SLON_SLEEPR_KEY-014,SLON_SLEEPR,KEY-014,65142
SLON_SLEEPR_LNL-001,SLON_SLEEPR,LNL-001,596607
SLON_SLEEPR_LNL-002,SLON_SLEEPR,LNL-002,592731
SLON_SLEEPR_MER-001,SLON_SLEEPR,MER-001,106790
SLON_SLEEPR_MER-002,SLON_SLEEPR,MER-002,107558
SLON_SLEEPR_MER-003,SLON_SLEEPR,MER-003,106060
SLON_SLEEPR_MER-004,SLON_SLEEPR,MER-004,151491
SLON_SLEEPR_MER-005,SLON_SLEEPR,MER-005,564976
SLON_SLEEPR_MER-006,SLON_SLEEPR,MER-006,151441
SLON_SLEEPR_MER-007,SLON_SLEEPR,MER-007,255181
SLON_SLEEPR_MER-008,SLON_SLEEPR,MER-008,334033
SLON_SLEEPR_MER-009,SLON_SLEEPR,MER-009,328873
SLON_SLEEPR_MER-010,SLON_SLEEPR,MER-010,350392
SLON_SLEEPR_MER-011,SLON_SLEEPR,MER-011,257449
SLON_SLEEPR_OMNI-005,SLON_SLEEPR,OMNI-005,568192
SLON_SLEEPR_OMNI-010,SLON_SLEEPR,OMNI-010,65019
SLON_SLEEPR_OMNI-016,SLON_SLEEPR,OMNI-016,577338
SLON_SLEEPR_OTE-SUNDAY-103,SLON_SLEEPR,OTE-SUNDAY-103,562636
SLON_SLEEPR_OTE-SUNDAY-39,SLON_SLEEPR,OTE-SUNDAY-39,18070
SLON_SLEEPR_OTE-SUNDAY-53,SLON_SLEEPR,OTE-SUNDAY-53,18072
SLON_SLEEPR_OTE-SURREY-2,SLON_SLEEPR,OTE-SURREY-2,18046
SLON_SLEEPR_OTE-sunday-103,SLON_SLEEPR,OTE-sunday-103,562636
SLON_SLEEPR_OTE-sunday-39,SLON_SLEEPR,OTE-sunday-39,18070
SLON_SLEEPR_OTE-sunday-53,SLON_SLEEPR,OTE-sunday-53,18072
SLON_SLEEPR_OTE-surrey-2,SLON_SLEEPR,OTE-surrey-2,18046
SLON_SLEEPR_PD-001,SLON_SLEEPR,PD-001,576031
SLON_SLEEPR_PD-002,SLON_SLEEPR,PD-002,575310
SLON_SLEEPR_PER-007,SLON_SLEEPR,PER-007,47321
SLON_SLEEPR_PER-026,SLON_SLEEPR,PER-026,589085
SLON_SLEEPR_PER-029,SLON_SLEEPR,PER-029,45749
SLON_SLEEPR_PER-043,SLON_SLEEPR,PER-043,46830
SLON_SLEEPR_PL-002,SLON_SLEEPR,PL-002,591626
SLON_SLEEPR_PL-003,SLON_SLEEPR,PL-003,592206
SLON_SLEEPR_PW-001,SLON_SLEEPR,PW-001,50505
SLON_SLEEPR_PW-002,SLON_SLEEPR,PW-002,152866
SLON_SLEEPR_PW-004,SLON_SLEEPR,PW-004,18023
SLON_SLEEPR_PW-005,SLON_SLEEPR,PW-005,107244
SLON_SLEEPR_PW-006,SLON_SLEEPR,PW-006,564430
SLON_SLEEPR_PW-007,SLON_SLEEPR,PW-007,261985
SLON_SLEEPR_ROY-001,SLON_SLEEPR,ROY-001,65265
SLON_SLEEPR_ROY-002,SLON_SLEEPR,ROY-002,65390
SLON_SLEEPR_ROY-003,SLON_SLEEPR,ROY-003,65453
SLON_SLEEPR_ROY-004,SLON_SLEEPR,ROY-004,65494
SLON_SLEEPR_ROY-005,SLON_SLEEPR,ROY-005,65535
SLON_SLEEPR_ROY-006,SLON_SLEEPR,ROY-006,65576
SLON_SLEEPR_ROY-007,SLON_SLEEPR,ROY-007,90683
SLON_SLEEPR_ROY-008,SLON_SLEEPR,ROY-008,91247
SLON_SLEEPR_ROY-009,SLON_SLEEPR,ROY-009,91547
SLON_SLEEPR_ROY-010,SLON_SLEEPR,ROY-010,91997
SLON_SLEEPR_SE-161,SLON_SLEEPR,SE-161,18041
SLON_SLEEPR_SE-162,SLON_SLEEPR,SE-162,18035
SLON_SLEEPR_SE-163,SLON_SLEEPR,SE-163,18034
SLON_SLEEPR_SE-164,SLON_SLEEPR,SE-164,18039
SLON_SLEEPR_SE-165,SLON_SLEEPR,SE-165,18036
SLON_SLEEPR_SE-166,SLON_SLEEPR,SE-166,18038
SLON_SLEEPR_SE-167,SLON_SLEEPR,SE-167,18042
SLON_SLEEPR_SE-168,SLON_SLEEPR,SE-168,18037
SLON_SLEEPR_SE-170,SLON_SLEEPR,SE-170,18040
SLON_SLEEPR_SE-171,SLON_SLEEPR,SE-171,92933
SLON_SLEEPR_SE-172,SLON_SLEEPR,SE-172,585361
SLON_SLEEPR_SE-173,SLON_SLEEPR,SE-173,93835
SLON_SLEEPR_SE-175,SLON_SLEEPR,SE-175,290734
SLON_SLEEPR_SE-176,SLON_SLEEPR,SE-176,352900
SLON_SLEEPR_SE-178,SLON_SLEEPR,SE-178,248932
SLON_SLEEPR_SE-179,SLON_SLEEPR,SE-179,323866
SLON_SLEEPR_SE-180,SLON_SLEEPR,SE-180,624625
SLON_SLEEPR_SE-181,SLON_SLEEPR,SE-181,625256
SLON_SLEEPR_SMA-019,SLON_SLEEPR,SMA-019,390855
SLON_SLEEPR_SMA-024,SLON_SLEEPR,SMA-024,162430
SLON_SLEEPR_SMA-027,SLON_SLEEPR,SMA-027,53475
SLON_SLEEPR_SMA-029,SLON_SLEEPR,SMA-029,47554
SLON_SLEEPR_SMA-030,SLON_SLEEPR,SMA-030,53760
SLON_SLEEPR_SMA-19,SLON_SLEEPR,SMA-19,264136
SLON_SLEEPR_WH-001,SLON_SLEEPR,WH-001,157714
SLON_SLEEPR_WH-002,SLON_SLEEPR,WH-002,158740
SLON_SLEEPR_WH-003,SLON_SLEEPR,WH-003,158508
SLON_SLEEPR_WH-004,SLON_SLEEPR,WH-004,158213
SLON_SLEEPR_WH-005,SLON_SLEEPR,WH-005,157946
SLON_SLEEPR_WOO-001,SLON_SLEEPR,WOO-001,361099
