id,product,leg_code,legs_type_id
MXWL_LEATHR_LEG001-1,MXWL_LEATHR,LEG001-1,208203
MXWL_LEATHR_LEG001-2,MXWL_LEATHR,LEG001-2,208197
MXWL_LEATHR_LEG001-3,MXWL_LEATHR,LEG001-3,208200
MXWL_LEATHR_LEG002-2,MXWL_LEATHR,LEG002-2,208230
MXWL_LEATHR_LEG002-3,MXWL_LEATHR,Leg002-3,208224
MXWL_LEATHR_LEG002-4,MXWL_LEATHR,LEG002-4,208227
MXWL_LEATHR_LEG008-1,MXWL_LEATHR,LEG008-1,208221
MXWL_LEATHR_LEG008-2,MXWL_LEATHR,LEG008-2,392391
MXWL_LEATHR_LEG008-3,MXWL_LEATHR,LEG008-3,208218
MXWL_LEATHR_LEG009-2,MXWL_LEATHR,LEG009-2,208212
MXWL_LEATHR_LEG009-3,MXWL_LEATHR,LEG009-3,208206
MXWL_LEATHR_LEG009-4,MXWL_LEATHR,LEG009-4,208209
MXWL_LEATHR_LEG014-1,MXWL_LEATHR,LEG014-1,575696
MXWL_LEATHR_LEG014-2,MXWL_LEATHR,LEG014-2,208188
MXWL_LEATHR_LEG014-3,MXWL_LEATHR,LEG014-3,208191
MXWL_LEATHR_LEG016-1,MXWL_LEATHR,LEG016-1,208185
MXWL_LEATHR_LEG016-2,MXWL_LEATHR,LEG016-2,208179
MXWL_LEATHR_LEG016-3,MXWL_LEATHR,LEG016-3,208182
MXWL_OTTO_LEG001-1,MXWL_OTTO,LEG001-1,24844
MXWL_OTTO_LEG001-2,MXWL_OTTO,LEG001-2,459355
MXWL_OTTO_LEG001-3,MXWL_OTTO,LEG001-3,24843
MXWL_OTTO_LEG002-2,MXWL_OTTO,LEG002-2,24853
MXWL_OTTO_LEG002-3,MXWL_OTTO,LEG002-3,24851
MXWL_OTTO_LEG002-4,MXWL_OTTO,LEG002-4,24852
MXWL_OTTO_LEG008-1,MXWL_OTTO,LEG008-1,24850
MXWL_OTTO_LEG008-2,MXWL_OTTO,LEG008-2,392334
MXWL_OTTO_LEG008-3,MXWL_OTTO,LEG008-3,24849
MXWL_OTTO_LEG009-2,MXWL_OTTO,LEG009-2,24847
MXWL_OTTO_LEG009-3,MXWL_OTTO,LEG009-3,24845
MXWL_OTTO_LEG009-4,MXWL_OTTO,LEG009-4,24846
MXWL_OTTO_LEG014-1,MXWL_OTTO,LEG014-1,355846
MXWL_OTTO_LEG014-2,MXWL_OTTO,LEG014-2,355843
MXWL_OTTO_LEG014-3,MXWL_OTTO,LEG014-3,355840
MXWL_OTTO_LEG016-1,MXWL_OTTO,LEG016-1,24838
MXWL_OTTO_LEG016-2,MXWL_OTTO,LEG016-2,24836
MXWL_OTTO_LEG016-3,MXWL_OTTO,LEG016-3,24837
MXWL_SLPCOV_LEG001-1,MXWL_SLPCOV,Leg001-1,699496
MXWL_SLPCOV_LEG001-2,MXWL_SLPCOV,Leg001-2,699494
MXWL_SLPCOV_LEG001-3,MXWL_SLPCOV,Leg001-3,699495
MXWL_SLPCOV_LEG002-2,MXWL_SLPCOV,Leg002-2,699504
MXWL_SLPCOV_LEG002-3,MXWL_SLPCOV,Leg002-3,699502
MXWL_SLPCOV_LEG002-4,MXWL_SLPCOV,Leg002-4,699503
MXWL_SLPCOV_LEG008-1,MXWL_SLPCOV,Leg008-1,699501
MXWL_SLPCOV_LEG008-2,MXWL_SLPCOV,Leg008-2,699508
MXWL_SLPCOV_LEG008-3,MXWL_SLPCOV,Leg008-3,699500
MXWL_SLPCOV_LEG009-2,MXWL_SLPCOV,Leg009-2,699499
MXWL_SLPCOV_LEG009-3,MXWL_SLPCOV,Leg009-3,699497
MXWL_SLPCOV_LEG009-4,MXWL_SLPCOV,Leg009-4,699498
MXWL_SLPCOV_LEG014-1,MXWL_SLPCOV,Leg014-1,699507
MXWL_SLPCOV_LEG014-2,MXWL_SLPCOV,Leg014-2,699506
MXWL_SLPCOV_LEG014-3,MXWL_SLPCOV,Leg014-3,699505
MXWL_SLPCOV_LEG016-1,MXWL_SLPCOV,LEG016-1,16667
MXWL_SLPCOV_LEG016-2,MXWL_SLPCOV,LEG016-2,16665
MXWL_SLPCOV_LEG016-3,MXWL_SLPCOV,LEG016-3,16666
MXWL_TALL_LEG001-1,MXWL_TALL,Leg001-1,15596
MXWL_TALL_LEG001-2,MXWL_TALL,Leg001-2,15594
MXWL_TALL_LEG001-3,MXWL_TALL,Leg001-3,15595
MXWL_TALL_LEG002-2,MXWL_TALL,Leg002-2,15605
MXWL_TALL_LEG002-3,MXWL_TALL,Leg002-3,15603
MXWL_TALL_LEG002-4,MXWL_TALL,Leg002-4,15604
MXWL_TALL_LEG008-1,MXWL_TALL,Leg008-1,15602
MXWL_TALL_LEG008-2,MXWL_TALL,Leg008-2,392313
MXWL_TALL_LEG008-3,MXWL_TALL,Leg008-3,15601
MXWL_TALL_LEG009-2,MXWL_TALL,Leg009-2,15599
MXWL_TALL_LEG009-3,MXWL_TALL,Leg009-3,15597
MXWL_TALL_LEG009-4,MXWL_TALL,Leg009-4,15598
MXWL_TALL_LEG014-1,MXWL_TALL,Leg014-1,381583
MXWL_TALL_LEG014-2,MXWL_TALL,Leg014-2,355789
MXWL_TALL_LEG014-3,MXWL_TALL,LEG014-3,355768
MXWL_TALL_LEG016-1,MXWL_TALL,Leg016-1,15590
MXWL_TALL_LEG016-2,MXWL_TALL,Leg016-2,15588
MXWL_TALL_LEG016-3,MXWL_TALL,Leg016-3,15589
SLON_CHSE_LEG001-1,SLON_CHSE,LEG001-1,584010
SLON_CHSE_LEG001-2,SLON_CHSE,LEG001-2,584011
SLON_CHSE_LEG001-3,SLON_CHSE,LEG001-3,584009
SLON_CHSE_LEG002-2,SLON_CHSE,LEG002-2,479230
SLON_CHSE_LEG002-3,SLON_CHSE,LEG002-3,16606
SLON_CHSE_LEG002-4,SLON_CHSE,LEG002-4,16607
SLON_CHSE_LEG008-1,SLON_CHSE,LEG008-1,16602
SLON_CHSE_LEG008-2,SLON_CHSE,LEG008-2,391311
SLON_CHSE_LEG008-3,SLON_CHSE,LEG008-3,16601
SLON_CHSE_LEG009-2,SLON_CHSE,LEG009-2,16611
SLON_CHSE_LEG009-3,SLON_CHSE,LEG009-3,16609
SLON_CHSE_LEG009-4,SLON_CHSE,LEG009-4,16610
SLON_CHSE_LEG014-1,SLON_CHSE,LEG014-1,16614
SLON_CHSE_LEG014-2,SLON_CHSE,LEG014-2,16612
SLON_CHSE_LEG014-3,SLON_CHSE,LEG014-3,16613
SLON_CHSE_LEG016-1,SLON_CHSE,LEG016-1,16617
SLON_CHSE_LEG016-2,SLON_CHSE,LEG016-2,16615
SLON_CHSE_LEG016-3,SLON_CHSE,LEG016-3,16616
SLON_LEATHR_LEG001-1,SLON_LEATHR,LEG001-1,376513
SLON_LEATHR_LEG001-2,SLON_LEATHR,LEG001-2,411366
SLON_LEATHR_LEG001-3,SLON_LEATHR,LEG001-3,14544
SLON_LEATHR_LEG002-2,SLON_LEATHR,LEG002-2,525416
SLON_LEATHR_LEG002-3,SLON_LEATHR,LEG002-3,14549
SLON_LEATHR_LEG002-4,SLON_LEATHR,LEG002-4,14550
SLON_LEATHR_LEG008-1,SLON_LEATHR,LEG008-1,14542
SLON_LEATHR_LEG008-2,SLON_LEATHR,LEG008-2,391299
SLON_LEATHR_LEG008-3,SLON_LEATHR,LEG008-3,14541
SLON_LEATHR_LEG009-2,SLON_LEATHR,LEG009-2,14548
SLON_LEATHR_LEG009-3,SLON_LEATHR,LEG009-3,14546
SLON_LEATHR_LEG009-4,SLON_LEATHR,LEG009-4,14547
SLON_LEATHR_LEG014-1,SLON_LEATHR,LEG014-1,14554
SLON_LEATHR_LEG014-2,SLON_LEATHR,LEG014-2,14552
SLON_LEATHR_LEG014-3,SLON_LEATHR,LEG014-3,14553
SLON_LEATHR_LEG016-1,SLON_LEATHR,LEG016-1,14557
SLON_LEATHR_LEG016-2,SLON_LEATHR,LEG016-2,14555
SLON_LEATHR_LEG016-3,SLON_LEATHR,LEG016-3,14556
SLON_OTTO_LEG001-1,SLON_OTTO,LEG001-1,353308
SLON_OTTO_LEG001-2,SLON_OTTO,LEG001-2,411363
SLON_OTTO_LEG001-3,SLON_OTTO,LEG001-3,15397
SLON_OTTO_LEG002-2,SLON_OTTO,LEG002-2,15401
SLON_OTTO_LEG002-3,SLON_OTTO,LEG002-3,15399
SLON_OTTO_LEG002-4,SLON_OTTO,LEG002-4,15400
SLON_OTTO_LEG008-1,SLON_OTTO,LEG008-1,15395
SLON_OTTO_LEG008-2,SLON_OTTO,LEG008-2,391308
SLON_OTTO_LEG008-3,SLON_OTTO,LEG008-3,15394
SLON_OTTO_LEG009-2,SLON_OTTO,LEG009-2,15404
SLON_OTTO_LEG009-3,SLON_OTTO,LEG009-3,15402
SLON_OTTO_LEG009-4,SLON_OTTO,LEG009-4,15403
SLON_OTTO_LEG014-1,SLON_OTTO,LEG014-1,15407
SLON_OTTO_LEG014-2,SLON_OTTO,LEG014-2,15405
SLON_OTTO_LEG014-3,SLON_OTTO,LEG014-3,15406
SLON_OTTO_LEG016-1,SLON_OTTO,LEG016-1,15410
SLON_OTTO_LEG016-2,SLON_OTTO,LEG016-2,15408
SLON_OTTO_LEG016-3,SLON_OTTO,LEG016-3,15409
SLON_SLEEPR_LEG007-1,SLON_SLEEPR,LEG007-1,18100
SLON_SLEEPR_LEG007-2,SLON_SLEEPR,LEG007-2,355678
SLON_SLEEPR_LEG007-3,SLON_SLEEPR,LEG007-3,18099
