type,workspace,send_date,campaign_or_step,sends,opens,open_rate,clicks,click_rate,ctor,orders_xbrand,revenue_xbrand,rev_per_1k
blast,STF,2024-08-08,P_2024_08_09_D_SF_PR_Sunset_Sale_Trade_Email,667,126,0.1889,16,0.0240,0.1270,1,371.25,556.60
blast,STF,2024-08-10,P_2024_08_10_D_SF_Trade_GTL_Bedding_Email,667,127,0.1904,13,0.0195,0.1024,0,0.00,0.00
blast,STF,2024-08-11,P_2024_08_11_PT_SF_PR_Sunset_Sale_Trade_Reminder_Email,665,133,0.2000,16,0.0241,0.1203,1,18.66,28.06
blast,STF,2024-08-11,P_2024_08_12_D_SF_Trade_CAT_Fabric_Email,664,144,0.2169,13,0.0196,0.0903,0,0.00,0.00
blast,STF,2024-08-13,P_2024_08_13_PT_SF_PR_Sunset_Sale_Trade_Last_Call_Email,658,137,0.2082,12,0.0182,0.0876,0,0.00,0.00
blast,STF,2024-08-13,P_2-24_08_13_D_SF_CF_Trade_Cactus_Silk_Highlight_Email,663,137,0.2066,9,0.0136,0.0657,0,0.00,0.00
blast,CZ,2024-08-29,P_2024_08_29_D_CZ_D_LDW_Bedding_Trade_Email,10627,4793,0.4510,112,0.0105,0.0234,2,176.77,16.63
blast,ID,2024-09-02,P_2024_09_02_D_ID_TRADE_Labor_Day_Sale_Reminder _Email,2981,1238,0.4153,101,0.0339,0.0816,0,0.00,0.00
blast,CZ,2024-09-03,SEG_2024_09_03_D_CZ_ME_September_Edit_Trade_Email,10661,4695,0.4404,158,0.0148,0.0337,0,0.00,0.00
blast,ID,2024-09-06,P_2024_09_07_D_ID_TRADE_Fall_Preview_Email,2905,1155,0.3976,67,0.0231,0.0580,1,1975.76,680.12
blast,ID,2024-09-09,P_2024_09_09_D_ID_TRADE_Labor_Day_Sale_Last_Chance_Email,2890,1318,0.4561,50,0.0173,0.0379,0,0.00,0.00
blast,ID,2024-09-11,P_2024_09_10_PT_ID_TRADE_New_Swatches_Email,2879,1149,0.3991,105,0.0365,0.0914,0,0.00,0.00
blast,CZ,2024-09-16,SEG_2024_09_17_D_CZ_D_Fall_Coming_Soon_Trade_Email,10789,5195,0.4815,220,0.0204,0.0423,2,1144.81,106.11
blast,ID,2024-09-20,P_2024_09_20_D_ID_D_TRADE_ID_Lee_Collection_Launch_Email,2860,1187,0.4150,43,0.0150,0.0362,0,0.00,0.00
blast,ID,2024-09-24,P_2024_09_24_D_ID_PR_TRADE_ID_Sale_Start _Email,2850,1243,0.4361,65,0.0228,0.0523,0,0.00,0.00
blast,CZ,2024-09-25,SEG_2024_09_26_D_CZ_D_TRADE_CZ,10901,5481,0.5028,186,0.0171,0.0339,1,120.41,11.05
blast,ID,2024-09-29,P_2024_09_30_ID_TRADE_PT_Sale_Last_Chance_Email,2831,1068,0.3773,68,0.0240,0.0637,1,274.92,97.11
blast,CZ,2024-10-03,SEG_2024_10_04_D_CZ_D_Trade_Fall_Catalog_Email,10982,5571,0.5073,198,0.0180,0.0355,2,1076.82,98.05
blast,ID,2024-10-07,TRADE_2024_10_07_ID_New_Arrivals_Roundup_Email,2822,1534,0.5436,57,0.0202,0.0372,0,0.00,0.00
blast,ID,2024-10-08,TRADE_2024_10_08_ID_SF_Launch_Email,15349,3644,0.2374,549,0.0358,0.1507,1,568.59,37.04
blast,STF,2024-10-08,TRADE_2024_10_08_D_SF_Launch_Email,983,274,0.2787,28,0.0285,0.1022,2,130.61,132.87
blast,ID,2024-10-14,P_2024_10_14_ID_Trade_Autumn_Event_Reminder_Email,2806,1190,0.4241,45,0.0160,0.0378,1,3888.99,1385.96
blast,CZ,2024-10-15,P_2024_10_16_D_CZ_PR_TRADE_CZ_Holiday_Send_Email,14404,7388,0.5129,205,0.0142,0.0277,0,0.00,0.00
blast,STF,2024-10-18,TRADE_2024_10_18_D_SF_October_Promo_Bedding_Pillows_Email,995,264,0.2653,16,0.0161,0.0606,0,0.00,0.00
blast,ID,2024-10-22,TRADE_2024_10_22_D_Autumn_Event_Last_Chance_Combined_Email,2793,1252,0.4483,68,0.0243,0.0543,0,0.00,0.00
blast,STF,2024-10-24,Seg_2024_10_24_PT_SF_Trade_Reminder_Palm_Beach_Email,87,28,0.3218,1,0.0115,0.0357,0,0.00,0.00
blast,STF,2024-10-24,Seg_2024_10_23_PT_SF_Trade_Reminder_Email,984,325,0.3303,26,0.0264,0.0800,0,0.00,0.00
blast,CZ,2024-10-25,P_2024_10_25_D_CZ_PR_TRADE_CZ_Back_in_Stock_Rugs_Email,14285,7169,0.5019,169,0.0118,0.0236,4,329.21,23.05
blast,ID,2024-10-31,TRADE_2024_10_31_ID_Combined_Swatch_Push_Email,3740,1779,0.4757,191,0.0511,0.1074,0,0.00,0.00
blast,ID,2024-11-04,TRADE_2024_11_1_PT_ID_BFCM_EA_Announcement_Email,3702,1540,0.4160,124,0.0335,0.0805,2,5167.33,1395.82
blast,STF,2024-11-05,P_2024_11_05_D_SF_PR_Trade_Black_Daisy_Suzani_Launch_Email,1034,241,0.2331,13,0.0126,0.0539,1,285.00,275.63
blast,CZ,2024-11-08,Trade_2024_11_8_D_CZ_PR_CZ_Holiday_Catalog_Email,14409,7253,0.5034,227,0.0158,0.0313,2,232.89,16.16
blast,ID,2024-11-12,Trade_2024_11_12_ID_BFCM_Announcement_Dining_Email,3664,1276,0.3483,76,0.0207,0.0596,0,0.00,0.00
blast,CZ,2024-11-15,P_2024_11_15_D_CZ_PR_BFCM_Launch_Email_Trade,14456,7484,0.5177,334,0.0231,0.0446,7,5441.75,376.44
blast,STF,2024-11-18,P_2024_11_18_D_SF_PR_BFCM_Wallpaper_Email_Trade,1041,310,0.2978,23,0.0221,0.0742,2,591.50,568.20
blast,CZ,2024-11-19,P_2024_11_19_PT_CZ_BFCM_Sale_Reminder_Email_Trade,14494,7515,0.5185,467,0.0322,0.0621,12,10812.44,745.99
blast,ID,2024-11-22,Trade_2024_11_22_ID_BFCM_Sofas_Sectionals_Email,16214,5260,0.3244,232,0.0143,0.0441,0,0.00,0.00
blast,CZ,2024-11-25,P_2024_11_25_D_CZ_PR_BFCM_Back_in_Stock_Trade_Email,14569,7542,0.5177,242,0.0166,0.0321,4,826.90,56.76
blast,ID,2024-11-27,Trade_2024_11_27_ID_November_Catalog_Email,16171,3961,0.2449,176,0.0109,0.0444,2,5625.48,347.87
blast,ID,2024-12-02,Trade_2024_12_2_ID_TRADE_Cyber_Monday_Reminder_Email,16210,4663,0.2877,146,0.0090,0.0313,4,6370.13,392.98
blast,STF,2024-12-03,P_2024_12_03_D_SF_PR_BFCM_Fabric_Trade_Email,1045,311,0.2976,24,0.0230,0.0772,1,89.75,85.89
blast,CZ,2024-12-06,P_2024_12_6_D_CZ_Furniture_By_Room_Trade_Email,14643,7466,0.5099,289,0.0197,0.0387,5,5984.00,408.66
blast,CZ,2024-12-13,Trade_2024_12_13_D_CZ_PR_Home_for_the_Holidays_Email,14708,7572,0.5148,169,0.0115,0.0223,1,1305.70,88.77
blast,STF,2024-12-17,Trade_2024_12_17_D_SF_PR_STF_Styling_Suzanis_Email,1039,358,0.3446,9,0.0087,0.0251,0,0.00,0.00
blast,ID,2024-12-20,Trade_2024_12_19_D_ID_Maxwell_Bed_Launch,16364,6586,0.4025,293,0.0179,0.0445,1,819.00,50.05
blast,CZ,2024-12-23,P_2024_12_23_D_CZ_PR_Rugs_by_Style_Trade_Email,14773,7455,0.5046,165,0.0112,0.0221,0,0.00,0.00
blast,CZ,2025-01-02,P_2025_1_2_PT_CZ_Trade_EOY_Sale_Last_Chance_Email,14754,7636,0.5176,353,0.0239,0.0462,4,3051.71,206.84
blast,ID,2025-01-03,P_2025_01_03_ID_TRADE_Login_Update_Email,16408,5539,0.3376,930,0.0567,0.1679,17,45679.74,2783.99
blast,CZ,2025-01-08,P_2025_01_08_D_CZ_Trade_Perks_Reminder_Email,14743,7711,0.5230,274,0.0186,0.0355,7,3984.27,270.25
blast,STF,2025-01-14,P_2025_1_14_D_SF_Winter_Best_Sellers_Trade_Email,1022,609,0.5959,8,0.0078,0.0131,0,0.00,0.00
blast,ID,2025-01-16,P_2025_1_16_PT_ID_TRADE_Refresh_Sale_Announcement_Email,16655,5363,0.3220,302,0.0181,0.0563,2,3440.88,206.60
blast,CZ,2025-01-23,P_2025_1_23_D_CZ_TRADE_Room_by_Room_Refresh_Email,15023,7867,0.5237,198,0.0132,0.0252,0,0.00,0.00
blast,ID,2025-01-28,P_2025_01_28_D_TRADE_ID_Combined_Trade Last_Chance_Email,16860,5058,0.3000,223,0.0132,0.0441,4,8126.76,482.01
blast,STF,2025-01-31,Trade_2025_1_31_D_SF_PR_Kuba_Cloth_Launch_Email,1036,597,0.5763,15,0.0145,0.0251,0,0.00,0.00
blast,CZ,2025-02-03,P_2025_2_3_D_CZ_Trade_Back_in_Stock_Email,15165,7699,0.5077,210,0.0138,0.0273,1,2038.20,134.40
blast,ID,2025-02-07,P_2025_2_7_TRADE_ID_PDW_EA_Email,17101,2666,0.1559,175,0.0102,0.0656,6,17972.62,1050.97
blast,STF,2025-02-11,P_2025_2_11_D_SF_Custom_Curtains_Trade,1053,661,0.6277,24,0.0228,0.0363,0,0.00,0.00
blast,ID,2025-02-14,P_2025_2_14_D_TRADE_ID_Sale_Roundup_Email,17209,4868,0.2829,183,0.0106,0.0376,0,0.00,0.00
blast,CZ,2025-02-20,P_2025_2_20_D_CZ_Trade_Newness_Roundup,15437,7984,0.5172,238,0.0154,0.0298,0,0.00,0.00
blast,ID,2025-02-25,P_2025_2_25_ID_TRADE_Sale_Last_Chance_PT_Email,17487,5261,0.3009,204,0.0117,0.0388,0,0.00,0.00
blast,CZ,2025-02-28,SEG_2025_02_28_D_TRADE_CZ_DAL_Store_Opening_Email_Invite,15543,8359,0.5378,156,0.0100,0.0187,1,100.89,6.49
blast,ID,2025-03-05,P_2025_03_04_ID_TRADE_Shop_ID_Catalog_Email,17582,4987,0.2836,162,0.0092,0.0325,0,0.00,0.00
blast,CZ,2025-03-06,P_2025_03_06_PT_CZ_Trade_GEO_DAL_Store_Opening_Reminder,184,116,0.6304,6,0.0326,0.0517,0,0.00,0.00
blast,CZ,2025-03-07,P_2025_03_07_D_CZ_TRADE_Introducing_STF,15585,8105,0.5201,154,0.0099,0.0190,1,1351.35,86.71
blast,STF,2025-03-11,P_2025_03_10_D_STF_TRADE_Outdoor_Fabric,59,36,0.6102,1,0.0169,0.0278,0,0.00,0.00
blast,ID,2025-03-13,P_2025_03_13_TRADE_ID_Spring_Event_Announcement_Email,17775,4809,0.2705,196,0.0110,0.0408,4,5113.75,287.69
blast,STF,2025-03-14,P_2025_03_14_D_STF_TRADE_Outdoor_Fabric_Resend,1444,689,0.4771,29,0.0201,0.0421,0,0.00,0.00
blast,CZ,2025-03-17,P_2025_03_17_CZ_TRADE_Layered_Bedroom_Email,15704,8198,0.5220,207,0.0132,0.0253,2,720.38,45.87
blast,ID,2025-03-20,P_2025_03_20_TRADE_ID_Outdoor_Roundup_Email,17907,5042,0.2816,164,0.0092,0.0325,0,0.00,0.00
blast,CZ,2025-03-27,P_2025_03_27_CZ_TRADE_Spring_Collection_Email,15794,8171,0.5173,187,0.0118,0.0229,2,541.08,34.26
blast,ID,2025-03-31,P_2025_03_31_TRADE_ID_March_Sales_Last_Chance_Email,18013,5006,0.2779,110,0.0061,0.0220,2,7217.53,400.68
blast,STF,2025-04-02,P_2025_04_02_D_STF_TRADE_Newness,1709,847,0.4956,32,0.0187,0.0378,0,0.00,0.00
blast,ID,2025-04-08,P_2025_04_08_TRADE_ID_Spring_Swatch_Roundup_Email,18176,5007,0.2755,141,0.0078,0.0282,0,0.00,0.00
blast,ID,2025-04-11,P_2025_04_10_ID_PT_TRADE_Friends_Sale_Launch_Email,18177,3024,0.1664,178,0.0098,0.0589,0,0.00,0.00
blast,CZ,2025-04-16,P_2025_04_16_CZ_TRADE_Spring_GTL_Heirloom_Bedroom_Email,16039,8460,0.5275,194,0.0121,0.0229,1,77.20,4.81
blast,ID,2025-04-21,P_2025_04_21_TRADE_ID_New_Arrivals_Email,18349,5020,0.2736,167,0.0091,0.0333,0,0.00,0.00
blast,STF,2025-04-28,P_2025_04_28_D_STF_TRADE_XBrand_ID,2535,1277,0.5037,35,0.0138,0.0274,0,0.00,0.00
blast,CZ,2025-04-29,P_2025_04_29_CZ_TRADE_Spring_Launch_2_Email,16153,8098,0.5013,190,0.0118,0.0235,0,0.00,0.00
blast,STF,2025-05-05,P_2025_05_05_D_STF_TRADE_Benefits_Recap,2670,1405,0.5262,90,0.0337,0.0641,2,2816.00,1054.68
blast,ID,2025-05-08,P_2025_05_08_TRADE_ID_May_Catalog_Launch_Email,18695,5082,0.2718,145,0.0078,0.0285,0,0.00,0.00
blast,CZ,2025-05-09,P_2025_05_10_CZ_World_Fair_Trade_Day_Email,95770,48943,0.5110,427,0.0045,0.0087,7,2430.10,25.37
blast,ID,2025-05-09,P_2025_05_09_ID_Trade_PT_MDW_Sale_EA_Email,18757,5106,0.2722,238,0.0127,0.0466,0,0.00,0.00
blast,CZ,2025-05-16,P_2025_05_16_CZ_TRADE_MDW_Categories_Email,16447,8449,0.5137,191,0.0116,0.0226,2,477.75,29.05
blast,STF,2025-05-19,P_2025_05_19_D_STF_TRADE_Newness,2872,1410,0.4909,31,0.0108,0.0220,0,0.00,0.00
blast,ID,2025-05-21,P_2025_05_21_TRADE_ID_MDW_Dining_Email,18940,5024,0.2653,148,0.0078,0.0295,1,3988.33,210.58
blast,CZ,2025-05-23,P_2025_05_23_CZ_Trade_MDW_In_Stock_Rugs,16488,8553,0.5187,168,0.0102,0.0196,2,4110.76,249.32
blast,ID,2025-05-23,P_2025_05_23_TRADE_ID_In_Stock_Email,18944,4878,0.2575,120,0.0063,0.0246,1,2083.11,109.96
blast,ID,2025-05-25,P_2025_05_26_TRADE_ID_Memorial_Day_Sale_Reminder_Email,18961,4902,0.2585,81,0.0043,0.0165,2,3721.68,196.28
blast,CZ,2025-05-27,P_2025_05_27_CZ_Trade_MDW_Last_Chance_Email,16484,8442,0.5121,160,0.0097,0.0190,1,197.45,11.98
blast,STF,2025-05-30,P_2025_05_30_D_STF_TRADE_Suzani_Take_Over,3039,1630,0.5364,68,0.0224,0.0417,0,0.00,0.00
blast,ID,2025-06-02,P_2025_06_02_TRADE_ID_Sale_Extension_Last_Chance_Email,19086,4974,0.2606,131,0.0069,0.0263,1,1964.25,102.92
blast,STF,2025-06-04,P_2025_06_04_D_STF_TRADE_Curtain_Expansion,3087,1680,0.5442,41,0.0133,0.0244,0,0.00,0.00
blast,ID,2025-06-11,P_2025_06_11_ID_Trade_Summer_Edit_Email,20150,5202,0.2582,206,0.0102,0.0396,1,9.00,0.45
blast,CZ,2025-06-13,P_2025_06_13_CZ_Trade_MTO_Furniture_Email,16648,8566,0.5145,161,0.0097,0.0188,0,0.00,0.00
blast,ID,2025-06-17,P_2025_06_17_ID_Trade_PT_July_4th_Announcement_EA,20235,5103,0.2522,213,0.0105,0.0417,2,4580.02,226.34
blast,CZ,2025-06-18,P_2025_06_18_CZ_Trade_Rug_Roundup_Email,16705,8299,0.4968,164,0.0098,0.0198,1,969.32,58.03
blast,ID,2025-06-23,P_2025_06_23_ID_Trade_July_4th_Combined_Sale_Announcement_Email,20258,10482,0.5174,181,0.0089,0.0173,3,9886.98,488.05
blast,STF,2025-06-25,P_2025_06_25_D_STF_TRADE_Luxe_Bedding,3328,1708,0.5132,52,0.0156,0.0304,0,0.00,0.00
blast,CZ,2025-06-27,P_EM_2025_06_27_CZ_TRADE_D_CF_Laural_Collection_Email,16775,8250,0.4918,169,0.0101,0.0205,0,0.00,0.00
blast,ID,2025-07-03,P_2025_07_03_TRADE_ID_In_Stock_Launch_Email,20218,10375,0.5132,239,0.0118,0.0230,1,2146.08,106.15
blast,CZ,2025-07-04,P_EM_2025_07_04_CZ_TRADE_D_July_4th_Sale_Reminder,16791,8394,0.4999,137,0.0082,0.0163,1,151.20,9.00
blast,STF,2025-07-07,P_EM_2025_07_07_STF_TRADE_D_July4th_Combined_Sale_Reminder,3453,1809,0.5239,53,0.0153,0.0293,0,0.00,0.00
blast,ID,2025-07-11,P_2025_07_11_ID_Trade_PT_Geotargeted_Private_Sale_Email,20188,11120,0.5508,434,0.0215,0.0390,3,54638.02,2706.46
blast,ID,2025-07-14,P_2025_07_14_ID_Trade_PT_HBT_Intro_PT_Email,20117,10778,0.5358,439,0.0218,0.0407,3,4131.32,205.36
blast,ID,2025-07-16,P_EM_2025_07_16_ID_TRADE_D_L_Contract_Grade,20097,10361,0.5155,258,0.0128,0.0249,0,0.00,0.00
blast,ID,2025-07-17,P_2025_07_17_ID_Trade_Private_Sale_Reminder_Email,20039,10465,0.5222,245,0.0122,0.0234,2,5315.31,265.25
blast,ID,2025-07-21,P_EM_2025_07_21_ID_TRADE_D_Washable_Rugs_Citizenry,20012,10180,0.5087,169,0.0084,0.0166,1,0.00,0.00
blast,ID,2025-07-23,P_EM_2025_07_23_TI_TRADE_PT_Summer_Sale,19985,10581,0.5294,238,0.0119,0.0225,2,7554.10,377.99
blast,ID,2025-07-23,P_EM_2025_07_22_ID_TRADE_D_Washable_Rugs_Citizenry,10732,1956,0.1823,51,0.0048,0.0261,0,0.00,0.00
blast,ID,2025-07-24,P_EM_2025_07_24_TI_TRADE_D_Country_Club_Toile_Launch,10267,1334,0.1299,30,0.0029,0.0225,1,343.47,33.45
blast,ID,2025-07-25,P_EM_2025_07_25_STF_TRADE_D_Pillow_Event,10160,1289,0.1269,26,0.0026,0.0202,0,0.00,0.00
blast,ID,2025-07-28,P_EM_2025_07_28_STF_TRADE_D_New_Hues,116233,50246,0.4323,916,0.0079,0.0182,9,5316.19,45.74
blast,ID,2025-07-28,P_EM_2025_07_28_ID_PT_Oops_Trade,115708,57496,0.4969,1339,0.0116,0.0233,2,3841.06,33.20
blast,ID,2025-07-29,P_EM_2025_07_29_TRADE_ID_D_Contract_Grade_Launch,9950,1214,0.1220,106,0.0107,0.0873,2,8737.35,878.13
blast,ID,2025-07-31,P_EM_2025_07_31_TRADE_ID_D_Summer_Sale_Last_Chance,19927,9746,0.4891,92,0.0046,0.0094,2,2583.00,129.62
blast,ID,2025-08-01,P_EM_2025_08_01_STF_TRADE_D_New_Hues,19873,9890,0.4977,138,0.0069,0.0140,0,0.00,0.00
blast,ID,2025-08-03,P_EM_2025_08_04_TI_TRADE_D_Central_Park_Toile_Launch,19839,9752,0.4916,164,0.0083,0.0168,1,57.48,2.90
blast,ID,2025-08-07,P_EM_2025_08_07_ALL_TRADE_D_Sunset_Sale,19822,9796,0.4942,162,0.0082,0.0165,1,3725.44,187.94
blast,ID,2025-08-11,P_EM_2025_08_11_ID_TRADE_D_Catalog_Preview,19834,9754,0.4918,105,0.0053,0.0108,1,2070.47,104.39
blast,ID,2025-08-15,P_EM_2025_08_15_ALL_TRADE_D_Perks_Reminder,19906,10158,0.5103,190,0.0095,0.0187,0,0.00,0.00
blast,ID,2025-08-18,P_EM_2025_08_18_CZ_TRADE_D_Block_Print_Launch,19894,10036,0.5045,195,0.0098,0.0194,1,374.25,18.81
blast,ID,2025-08-19,P_EM_2025_08_19_ID_TRADE_D_PR_New_Assortment_In_Stock,19892,10135,0.5095,223,0.0112,0.0220,0,0.00,0.00
blast,ID,2025-08-21,P_EM_2025_08_21_ALL_TRADE_D_Labor_Day_Event_Sale,19875,9840,0.4951,134,0.0067,0.0136,3,5807.88,292.22
blast,ID,2025-08-26,P_EM_2025_08_26_CZ_TRADE_D_Fall_Preview,19847,10061,0.5069,153,0.0077,0.0152,1,274.28,13.82
blast,ID,2025-08-27,P_EM_2025_08_27_ID_TRADE_D_Dining_Highlight,19829,10004,0.5045,207,0.0104,0.0207,0,0.00,0.00
blast,ID,2025-08-29,P_EM_2025_08_29_ALL_TRADE_D_Labor_Day_Reminder,19840,9753,0.4916,164,0.0083,0.0168,1,275.50,13.89
blast,ID,2025-09-01,P_EM_2025_09_01_ALL_TRADE_D_Labor_Day_Reminder,19860,9493,0.4780,149,0.0075,0.0157,1,5605.73,282.26
blast,ID,2025-09-07,P_EM_2025_09_08_STF_TRADE_D_MTO_Furniture_Studio,19900,9769,0.4909,175,0.0088,0.0179,0,0.00,0.00
blast,ID,2025-09-09,P_EM_2025_09_10_TI_TRADE_D_Cafe_Curtains_Launch,19905,9804,0.4925,173,0.0087,0.0176,0,0.00,0.00
blast,ID,2025-09-15,P_EM_2025_09_15_STF_TRADE_Studio_Behind_The_Design,19953,9634,0.4828,97,0.0049,0.0101,2,18.00,0.90
blast,ID,2025-09-17,P_EM_2025_09_17_CZ_TRADE_Fall_Teaser,19974,9977,0.4995,159,0.0080,0.0159,0,0.00,0.00
blast,ID,2025-09-18,P_EM_2025_09_18_TI_ID_TRADE_Fall_Refresh_Guest_Ready,19959,9664,0.4842,98,0.0049,0.0101,1,960.25,48.11
blast,ID,2025-09-23,P_EM_2025_09_22_CZ_TRADE_Fall_Collection,19988,10269,0.5138,170,0.0085,0.0166,1,0.00,0.00
blast,ID,2025-09-24,P_EM_2025_09_25_TI_TRADE_The_Insider_Report,19961,9609,0.4814,97,0.0049,0.0101,0,0.00,0.00
blast,ID,2025-09-26,P_EM_2025_09_26_PT_TRADE_Appreciation_Week,19937,9886,0.4959,232,0.0116,0.0235,0,0.00,0.00
blast,ID,2025-09-30,P_EM_2025_09_30_CZ_TRADE_Avon_Dresser_Launch,19865,9521,0.4793,90,0.0045,0.0095,1,124.00,6.24
blast,ID,2025-10-02,P_EM_2025_10_02_TRADE_Appreciation_Week,19879,9523,0.4790,140,0.0070,0.0147,2,2350.83,118.26
blast,ID,2025-10-06,P_EM_2025_10_06_TRADE_Appreciation_Week_Reminder,19922,9433,0.4735,105,0.0053,0.0111,1,9.63,0.48
blast,ID,2025-10-07,P_EM_2025_10_07_ALL_TRADE_PT_Appreciation_Week_Reminder,19914,9641,0.4841,152,0.0076,0.0158,2,7795.21,391.44
blast,ID,2025-10-10,P_EM_2025_10_10_CZ_TRADE_Sateen_Bedding,19938,9490,0.4760,56,0.0028,0.0059,0,0.00,0.00
blast,ID,2025-10-12,P_EM_2025_10_13_ID_TRADE_In_Stock,19898,9488,0.4768,140,0.0070,0.0148,1,3779.75,189.96
blast,ID,2025-10-17,P_EM_2025_10_17_CZ_TRADE_Fall_Layered_Bedding,19931,9533,0.4783,74,0.0037,0.0078,0,0.00,0.00
blast,ID,2025-10-22,P_EM_2025_10_22_CZ_TRADE_Fall_2025_Pillows,19939,9429,0.4729,80,0.0040,0.0085,0,0.00,0.00
blast,ID,2025-10-27,P_EM_2025_10_27_CZ_TRADE_Fall_Home_Tour,19920,9463,0.4751,97,0.0049,0.0103,0,0.00,0.00
blast,ID,2025-10-29,P_EM_2025_10_30_TI_TRADE_New_Prints_Bloomsbury,19933,9541,0.4787,90,0.0045,0.0094,0,0.00,0.00
blast,ID,2025-11-03,P_EM_2025_11_03_CZ_TRADE_Upholstery_Swatch_Push,19889,9336,0.4694,136,0.0068,0.0146,4,0.00,0.00
blast,ID,2025-11-06,P_EM_2025_11_06_ALL_TRADE_D_Perks_Reminder,19957,9631,0.4826,112,0.0056,0.0116,1,1146.75,57.46
blast,ID,2025-11-11,P_EM_2025_11_11_TRADE_ID_D_Black_Friday_EA,19963,9404,0.4711,92,0.0046,0.0098,1,1311.13,65.68
blast,ID,2025-11-16,P_EM_2025_11_17_TRADE_ID_D_Black_Friday_Launch,20006,9376,0.4687,92,0.0046,0.0098,0,0.00,0.00
blast,ID,2025-11-20,P_EM_2025_11_20_TRADE_ID_D_In_Stock_Furniture,20024,9286,0.4637,100,0.0050,0.0108,0,0.00,0.00
blast,ID,2025-11-23,P_EM_2025_11_24_TRADE_ALL_D_Black_Friday_Reminder,19975,9264,0.4638,64,0.0032,0.0069,0,0.00,0.00
blast,ID,2025-11-30,P_EM_2025_12_01_TRADE_ALL_D_Black_Friday_Final_Hours,20013,9112,0.4553,94,0.0047,0.0103,0,0.00,0.00
blast,ID,2025-12-03,P_EM_2025_12_04_TRADE_SF_D_BFCM_Studio_By_SF,19965,9292,0.4654,110,0.0055,0.0118,0,0.00,0.00
blast,ID,2025-12-07,P_EM_2025_12_08_TRADE_ALL_D_Black_Friday_Last_Chance,19918,9227,0.4632,101,0.0051,0.0109,1,62.49,3.14
blast,ID,2025-12-10,P_EM_2025_12_10_TRADE_ID_D_Designer_Spotlight_Phinery,19893,9243,0.4646,110,0.0055,0.0119,0,0.00,0.00
blast,ID,2025-12-11,P_EM_2025_12_12_CZ_TRADE_D_Furniture_By_Room,19884,9226,0.4640,64,0.0032,0.0069,0,0.00,0.00
blast,ID,2025-12-15,P_EM_2025_12_16_TRADE_ALL_D_PR_Perks_Reminder,19882,9126,0.4590,106,0.0053,0.0116,1,1129.12,56.79
blast,ID,2025-12-18,P_EM_2025_12_18_TRADE_ALL_D_PR_EOY_Sales,19882,8868,0.4460,79,0.0040,0.0089,3,3778.84,190.06
blast,ID,2025-12-23,P_EM_2025_12_23_TRADE_ALL_D_PR_Best_Of_2025,19871,8995,0.4527,63,0.0032,0.0070,0,0.00,0.00
blast,ID,2025-12-25,P_EM_2025_12_26_TRADE_ALL_D_PR_EOY_Sale_Reminder_Updated,19848,9242,0.4656,86,0.0043,0.0093,2,8870.43,446.92
blast,ID,2025-12-28,P_EM_2025_12_29_TRADE_ALL_D_PR_Newness,19829,9095,0.4587,70,0.0035,0.0077,1,159.00,8.02
blast,ID,2026-01-03,P_EM_2026_01_03_TRADE_ALL_D_PR_EOY_Sale_Surprise_Extension,19791,9428,0.4764,95,0.0048,0.0101,0,0.00,0.00
blast,ID,2026-01-04,P_EM_2026_01_05_TRADE_ALL_D_PR_EOY_Sale_Reminder_Last_Chance,19709,8640,0.4384,112,0.0057,0.0130,1,636.63,32.30
blast,ID,2026-01-07,P_EM_2026_01_07_TRADE_CZ_D_PR_Refresh_Every_Room,19642,8621,0.4389,91,0.0046,0.0106,0,0.00,0.00
blast,ID,2026-01-13,P_EM_2026_01_14_TRADE_ID_D_In_Stock_Collection,19630,8788,0.4477,91,0.0046,0.0104,1,2261.45,115.20
blast,ID,2026-01-15,P_EM_2026_01_16_TRADE_ALL_D_PR_Winter_Refresh_Sales,19657,8955,0.4556,71,0.0036,0.0079,0,0.00,0.00
blast,ID,2026-01-19,P_EM_2026_01_20_TRADE_TI_D_PR_Our_Favorite_Florals,19629,8807,0.4487,56,0.0029,0.0064,0,0.00,0.00
blast,ID,2026-01-22,P_EM_2026_01_23_TRADE_ALL_D_PR_Winter_Refresh_Sale_Reminder,19663,8868,0.4510,74,0.0038,0.0083,0,0.00,0.00
blast,ID,2026-01-23,P_EM_2026_01_23_TRADE_ALL_D_PR_Oops_Winter_Refresh_Sale_Reminder,19655,9341,0.4752,76,0.0039,0.0081,1,5578.50,283.82
blast,ID,2026-01-28,P_EM_2026_01_29_ALL_TRADE_PT_Appreciation_Week_Teaser,19697,9507,0.4827,288,0.0146,0.0303,1,3131.42,158.98
blast,ID,2026-02-01,P_EM_2026_02_02_TRADE_ALL_D_PR_Appreciation_Launch,19717,8702,0.4413,137,0.0069,0.0157,4,8027.03,407.11
blast,ID,2026-02-03,P_EM_2026_02_03_TRADE_CZ_D_PR_Imabari_Towels_in_Seaglass,19690,9012,0.4577,56,0.0028,0.0062,0,0.00,0.00
blast,ID,2026-02-04,P_EM_2026_02_05_TRADE_ALL_D_PR_Appreciation_Launch_Last_Chance,19751,8640,0.4374,98,0.0050,0.0113,2,899.00,45.52
blast,ID,2026-02-05,P_EM_2026_02_06_TRADE_TI_D_PR_Design_House_Fabrics,19773,8792,0.4446,83,0.0042,0.0094,0,0.00,0.00
blast,ID,2026-02-08,P_EM_2026_02_09_TRADE_ALL_D_PR_Presidents_Day_Launch,19744,8650,0.4381,61,0.0031,0.0071,0,0.00,0.00
blast,ID,2026-02-12,P_EM_2026_02_13_TRADE_ALL_D_PR_Presidents_Day_Sale_Reminder,19818,8769,0.4425,78,0.0039,0.0089,0,0.00,0.00
blast,ID,2026-02-12,P_EM_2026_02_12_TRADE_ALL_D_PR_Project_Spotlight,19761,9047,0.4578,62,0.0031,0.0069,0,0.00,0.00
blast,ID,2026-02-15,P_EM_2026_02_16_TRADE_ALL_D_PR_Presidents_Day_Sale_Reminder,19795,8967,0.4530,169,0.0085,0.0188,0,0.00,0.00
blast,ID,2026-02-19,P_EM_2026_02_20_TRADE_TI_D_PR_Spring_Preview,20342,8940,0.4395,111,0.0055,0.0124,0,0.00,0.00
blast,ID,2026-02-22,P_EM_2026_02_23_TRADE_ALL_D_PR_Presidents_Day_Sale_Last_Chance,20320,8852,0.4356,104,0.0051,0.0117,0,0.00,0.00
blast,ID,2026-02-24,P_EM_2026_02_25_TRADE_SF_D_PR_Studio_By_StFrank,20333,9035,0.4444,74,0.0036,0.0082,2,9.60,0.47
blast,ID,2026-03-03,P_EM_2026_03_04_TRADE_ID_D_PR_In_Stock,20382,8924,0.4378,123,0.0060,0.0138,1,2444.63,119.94
blast,ID,2026-03-11,P_EM_2026_03_11_TRADE_ID_D_PR_Project_Spotlight_Eva_Burns_Studio,20444,8989,0.4397,66,0.0032,0.0073,1,1802.08,88.15
blast,ID,2026-03-12,P_EM_2026_03_13_TRADE_TI_SF_D_PR_Spring_Sale,20462,8950,0.4374,116,0.0057,0.0130,0,0.00,0.00
blast,ID,2026-03-18,P_EM_2026_03_18_TRADE_ID_D_PR_Accent_Seating,20477,8954,0.4373,122,0.0060,0.0136,0,0.00,0.00
blast,ID,2026-03-19,P_EM_2026_03_20_TRADE_All_D_PR_Spring_Sale,20490,9051,0.4417,84,0.0041,0.0093,1,3974.21,193.96
blast,ID,2026-03-24,P_EM_2026_03_24_TRADE_All_D_PR_Spring_Sale,20493,8942,0.4363,130,0.0063,0.0145,2,6057.80,295.60
blast,ID,2026-03-26,P_EM_2026_03_27_TRADE_All_D_PR_Spring_Sale_Last_Chance,20537,9018,0.4391,105,0.0051,0.0116,0,0.00,0.00
blast,ID,2026-03-29,P_EM_2026_03_30_TRADE_CZ_D_PR_Bedding,20530,9021,0.4394,81,0.0039,0.0090,0,0.00,0.00
blast,ID,2026-03-31,P_EM_2026_04_01_ID_TRADE_PT_Offer_Boost,20541,9643,0.4695,311,0.0151,0.0323,1,5652.67,275.19
blast,ID,2026-04-02,P_EM_2026_04_03_TRADE_All_D_PR_Perks_Reminder,20565,9286,0.4515,174,0.0085,0.0187,4,8623.00,419.30
blast,ID,2026-04-05,P_EM_2026_04_06_ID_TRADE_PT_Lapsed_Re_Activation_Version_B_Treatment,1430,656,0.4587,28,0.0196,0.0427,1,2049.61,1433.29
blast,ID,2026-04-06,P_EM_2026_04_06_ID_TRADE_PT_Cross_Brand_Version_B_Treatment,1293,699,0.5406,34,0.0263,0.0486,1,3181.34,2460.43
blast,ID,2026-04-06,P_EM_2026_04_06_ID_TRADE_PT_Cross_Brand_Version_A_Control,1310,681,0.5198,24,0.0183,0.0352,0,0.00,0.00
blast,ID,2026-04-06,P_EM_2026_04_06_ID_TRADE_PT_Lapsed_Re_Activation_Version_A_Control,1495,694,0.4642,21,0.0140,0.0303,0,0.00,0.00
blast,ID,2026-04-15,P_EM_2026_04_16_TRADE_SF_D_PR_New_Prints,20679,9144,0.4422,85,0.0041,0.0093,1,0.00,0.00
blast,ID,2026-04-17,P_EM_2026_04_17_TRADE_All_D_PR_Best_Of,20667,9104,0.4405,73,0.0035,0.0080,0,0.00,0.00
blast,ID,2026-04-22,P_EM_2026_04_22_ID_PC_PT_Trade_Lapsed_Re_Activation_Version_B _Treatment_Reminder 1,1382,605,0.4378,12,0.0087,0.0198,0,0.00,0.00
blast,ID,2026-04-22,P_EM_2026_04_22_ID_PC_PT_Trade_Cross_Brand_Version_B_Treatment_Reminder_1,1382,613,0.4436,9,0.0065,0.0147,0,0.00,0.00
blast,ID,2026-04-22,P_EM_2026_04_22_ID_PC_PT_Trade_Cross_Brand_Version_A_Control_Reminder_1,1191,587,0.4929,15,0.0126,0.0256,0,0.00,0.00
blast,ID,2026-04-22,P_EM_2026_04_22_ID_PC_PT_Trade_Lapsed_Re_Activation_Version_A_Control_Reminder_1,1433,626,0.4368,12,0.0084,0.0192,0,0.00,0.00
blast,ID,2026-04-23,P_EM_2026_04_23_CZ_PC_D_TRADE_Launch_CZ_Spring_Collection_Preview,22047,9935,0.4506,119,0.0054,0.0120,0,0.00,0.00
blast,ID,2026-04-28,P_EM_2026_04_29_ID_PC_D_TI_ID_Trade_Appreciation_Sale_Launch,22114,9928,0.4489,186,0.0084,0.0187,1,3175.74,143.61
blast,ID,2026-05-03,P_EM_2026_05_04_ID_PC_PT_Trade_ID_Preview_35%_First_Time_Ever,22115,10043,0.4541,412,0.0186,0.0410,8,23210.38,1049.53
blast,ID,2026-05-06,P_EM_2026_05_07_ID_PC_D_TRADE_MDW_Early_Access_Is_Live,83,28,0.3373,7,0.0843,0.2500,0,0.00,0.00
blast,ID,2026-05-07,P_EM_2026_05_07_ID_PC_D_TRADE_MDW_Early_Access_Is_Live_Resend,22081,9819,0.4447,155,0.0070,0.0158,0,0.00,0.00
blast,CZ,2026-05-08,P_EM_2026_05_09_CZ_PC_D_World_Fair_Trade_Day,42418,22119,0.5215,734,0.0173,0.0332,15,5295.60,124.84
blast,ID,2026-05-13,P_EM_2026_05_13_ID_PC_D_TRADE_ID_CZ_Memorial_Day_Sale_Is_Live,22097,9870,0.4467,135,0.0061,0.0137,1,2669.00,120.79
blast,ID,2026-05-14,P_EM_2026_05_15_D_TRADE_ID_PR_In_Stock_Quick_Ship,22186,9810,0.4422,106,0.0048,0.0108,0,0.00,0.00
blast,ID,2026-05-18,P_EM_2026_05_19_D_TRADE_TI_STF_Now_Live_Memorial_Day_Sale,22132,9902,0.4474,221,0.0100,0.0223,4,8268.01,373.58
blast,ID,2026-05-20,P_EM_2026_05_21_D_TRADE_ID_CZ_TI_STF_MDW_Sale_Shop_Across_All_Brands,22172,9746,0.4396,96,0.0043,0.0099,0,0.00,0.00
blast,ID,2026-05-20,P_EM_2026_05_20_TRADE_PT_CZ_Trade_Boost,378,196,0.5185,8,0.0212,0.0408,0,0.00,0.00
blast,ID,2026-05-25,P_EM_2026_05_26_TRADE_PT_ID_And_CZ_And_TI_And_STF_Last_Chance_MDW_Sale,22159,9811,0.4428,254,0.0115,0.0259,1,208.00,9.39
blast,ID,2026-05-29,P_EM_2026_05_29_D_TRADE_ID_Extension_Is_Live,22102,9774,0.4422,84,0.0038,0.0086,0,0.00,0.00
blast,ID,2026-06-01,P_EM_2026_06_02_TRADE_PT_ID_And_CZ_And_TI_Last_Day,22187,9885,0.4455,224,0.0101,0.0227,0,0.00,0.00
blast,ID,2026-06-04,P_EM_2026_06_04_D_TRADE_CZ_New_Sofas,22153,9769,0.4410,131,0.0059,0.0134,0,0.00,0.00
blast,ID,2026-06-08,P_EM_2026_06_09_D_TRADE_ID_Contract Grade,22156,9717,0.4386,113,0.0051,0.0116,0,0.00,0.00
blast,ID,2026-06-11,P_EM_2026_06_12_D_TRADE_STF_Color_Edit_Sundrenched_Citrus,22149,9651,0.4357,89,0.0040,0.0092,0,0.00,0.00
blast,ID,2026-06-17,P_EM_2026_06_17_TRADE_PT_ID_Warehouse_Sale,22045,10151,0.4605,764,0.0347,0.0753,5,8826.49,400.38
blast,ID,2026-06-23,P_EM_2026_06_23_D_TRADE_Value_Props_ID_CZ_TI_STF,22072,9543,0.4324,81,0.0037,0.0085,0,0.00,0.00
blast,ID,2026-06-24,P_EM_2026_06_25_D_TRADE_ID_TI_Pattern_Pairings_for_Trade,22070,9526,0.4316,72,0.0033,0.0076,0,0.00,0.00
blast,ID,2026-06-30,P_EM_2026_06_30_D_TRADE_ID_Warehouse_Sale_Reminder,22079,9594,0.4345,246,0.0111,0.0256,2,6678.32,302.47
blast,ID,2026-07-06,P_EM_2026_07_07_TRADE_ID_PC_D_Best_Sellers_Sleepers,22094,9370,0.4241,127,0.0057,0.0136,0,0.00,0.00
blast,ID,2026-07-12,P_EM_2026_07_13_TRADE_PT_ID_Warehouse_Sale_Reminder,22140,9646,0.4357,424,0.0192,0.0440,2,4743.52,214.25
blast,ID,2026-07-14,P_EM_2026_07_14_TRADE_ID_PC_D_Cyrus_Collection_Launch,22020,9115,0.4139,146,0.0066,0.0160,0,0.00,0.00
blast,ID,2026-07-14,P_EM_2026_07_15_TRADE_PT_ID_Trade_Offer_Boost_Reminder,22101,8823,0.3992,220,0.0100,0.0249,0,0.00,0.00
trigger_step,ID,,T1 (entry),8416,5105,0.6066,1028,0.1221,0.2014,39,89884.87,10680.24
trigger_step,ID,,T2 ID Spotlight,5595,3259,0.5825,185,0.0331,0.0568,1,1907.40,340.91
trigger_step,ID,,T3 CZ Spotlight,5369,3022,0.5629,146,0.0272,0.0483,0,0.00,0.00
trigger_step,ID,,T4 TI Spotlight,5135,2824,0.5500,84,0.0164,0.0297,1,2487.88,484.49
trigger_step,ID,,T5 SF Spotlight,5014,2723,0.5431,111,0.0221,0.0408,0,0.00,0.00
trigger_TOTAL,ID,,Trade Welcome Series — FULL canvas total (all 5 steps + every utm version),29529,16933,0.5734,1554,0.0526,0.0918,41,94280.15,3192.80
